ASVs	bremen	brake	bremerhaven	helgolandT	helgolandS
ASV_01	0.3	0.0	0.0	0.0	0.0
ASV_04	0.0	0.0	0.0	0.3	0.0
ASV_14	0.0	0.0	7.3	87.3	0.0
ASV_19	0.0	0.0	0.0	0.0	1.0
ASV_23	0.0	0.0	0.0	0.3	0.0
ASV_29	44.3	188.0	41.7	5.7	0.0
ASV_41	21.3	28.0	19.7	11.3	0.0
ASV_46	0.0	0.0	0.0	0.0	0.3
ASV_61	0.0	0.7	0.0	0.0	0.0
ASV_74	0.0	0.0	0.0	1.0	0.0
ASV_83	0.0	0.3	0.0	0.0	0.0
ASV_88	4.3	0.0	0.0	0.0	0.0
ASV_94	0.0	0.0	0.7	0.0	0.0
ASV_105	0.0	4.0	0.0	0.0	0.0
ASV_115	0.0	0.0	2.7	2.3	0.0
ASV_118	4.0	0.0	0.0	0.0	0.0
ASV_121	0.0	0.0	0.0	0.0	1.0
ASV_134	0.0	0.0	0.0	0.3	0.0
ASV_136	0.7	1.0	1.0	0.0	0.0
ASV_137	0.0	0.0	0.0	0.0	3.0
ASV_144	0.0	0.0	0.3	0.0	0.0
ASV_146	0.0	0.0	0.0	7.7	3.7
ASV_148	0.0	0.0	0.0	0.3	0.0
ASV_157	0.0	0.0	0.0	1.0	0.0
ASV_161	0.0	0.0	0.0	0.7	0.0
ASV_164	0.0	0.0	0.3	0.0	0.0
ASV_165	0.0	0.0	0.0	0.3	0.0
ASV_168	0.0	0.0	0.7	0.0	0.0
ASV_174	6.7	1.7	0.0	0.0	0.0
ASV_183	1.0	0.0	0.0	0.0	0.0
ASV_200	0.0	0.0	0.0	0.7	0.0
ASV_206	0.0	0.0	0.3	0.0	0.0
ASV_210	0.0	0.7	0.0	0.0	0.0
ASV_213	0.0	0.0	0.0	0.0	0.3
ASV_215	0.0	0.0	0.0	4.3	0.0
ASV_218	0.0	0.0	1.7	0.0	0.0
ASV_221	3.7	3.3	9.7	5.7	0.0
ASV_227	0.0	1.0	0.0	0.0	0.0
ASV_238	0.0	0.0	2.0	1.7	0.0
ASV_250	3.0	1.7	21.7	22.3	0.0
ASV_252	0.0	0.0	0.0	0.3	0.0
ASV_257	0.0	0.0	0.0	0.7	0.0
ASV_260	0.0	0.0	0.0	0.0	4.0
ASV_277	19.7	14.3	97.0	40.7	0.0
ASV_278	0.0	0.0	0.7	0.0	0.0
ASV_301	0.0	0.0	0.0	0.0	0.7
ASV_322	1.0	0.0	0.0	0.0	0.0
ASV_327	0.0	0.0	0.0	4.3	1.3
ASV_337	0.0	0.0	0.3	0.0	0.0
ASV_343	0.0	0.0	0.0	0.0	6.7
ASV_344	1.0	0.7	0.0	0.0	0.0
ASV_346	0.0	0.0	0.0	0.7	0.7
ASV_355	0.0	0.0	0.0	1.7	0.0
ASV_361	0.0	0.0	0.0	0.0	0.3
ASV_368	0.0	0.0	0.0	0.0	0.3
ASV_369	0.0	0.0	1.0	0.3	0.0
ASV_372	0.0	0.0	0.3	0.0	0.0
ASV_380	0.0	0.0	0.0	0.0	2.3
ASV_381	0.0	0.0	0.0	0.3	0.0
ASV_386	0.0	0.0	0.0	0.0	3.3
ASV_388	0.0	0.0	0.7	0.0	0.0
ASV_395	0.0	0.0	0.3	0.0	0.0
ASV_398	0.0	0.0	0.7	0.3	0.0
ASV_400	0.0	0.0	0.0	0.7	0.0
ASV_414	1.0	0.0	0.0	0.0	0.0
ASV_416	0.0	0.0	0.3	0.0	0.0
ASV_430	0.3	0.0	0.0	0.0	0.0
ASV_433	0.0	0.0	3.0	7.0	0.0
ASV_435	0.0	0.0	0.0	0.0	0.7
ASV_438	0.0	0.0	0.0	3.3	3.7
ASV_444	0.0	0.0	0.0	0.3	0.0
ASV_462	0.0	0.0	0.0	28.0	6.7
ASV_471	0.0	0.0	0.0	1.3	1.0
ASV_476	0.3	0.0	0.0	0.0	0.0
ASV_480	0.0	0.0	0.0	0.0	12.3
ASV_484	0.0	0.0	2.0	24.0	1.3
ASV_489	0.0	0.0	0.3	0.0	0.0
ASV_503	5.7	1.3	0.0	0.7	0.0
ASV_514	0.0	1.0	0.0	0.0	0.0
ASV_515	0.0	0.0	6.0	3.7	0.0
ASV_517	0.0	0.0	0.0	0.7	0.0
ASV_526	0.0	0.0	0.0	0.0	2.0
ASV_540	0.0	0.0	0.0	0.0	9.0
ASV_553	0.3	0.0	0.0	0.0	0.0
ASV_558	0.0	0.0	0.0	0.3	0.0
ASV_567	0.0	0.0	0.0	0.3	0.0
ASV_569	0.0	0.0	0.0	0.3	2.3
ASV_573	0.0	0.0	0.0	1.7	0.0
ASV_574	0.0	0.0	0.0	1.0	0.0
ASV_581	0.0	0.0	0.0	0.3	0.0
ASV_582	0.0	0.0	0.0	9.7	3.3
ASV_588	0.0	0.0	0.0	1.0	0.7
ASV_589	0.0	0.0	0.0	0.0	0.7
ASV_593	0.0	0.0	0.0	0.3	0.0
ASV_595	0.0	0.0	0.0	1.3	0.0
ASV_616	0.0	0.0	0.0	0.0	0.7
ASV_620	0.0	0.0	0.3	0.0	0.0
ASV_621	0.0	0.0	0.0	0.0	0.3
ASV_627	0.0	0.7	0.0	0.0	0.0
ASV_634	4.0	4.3	0.0	0.0	0.0
ASV_638	12.3	7.3	1.0	0.7	0.0
ASV_639	18.3	16.0	2.0	0.3	0.0
ASV_641	0.0	0.0	0.0	0.3	0.0
ASV_648	0.0	0.0	0.0	0.0	0.7
ASV_653	0.0	0.0	0.0	6.3	0.0
ASV_665	0.0	0.0	0.3	0.0	0.0
ASV_674	0.3	0.0	0.0	0.0	0.0
ASV_678	0.0	0.0	0.0	1.3	0.0
ASV_690	0.0	0.0	0.0	0.0	0.3
ASV_695	0.0	0.0	0.0	0.3	0.0
ASV_696	0.0	1.0	0.0	0.0	0.0
ASV_704	0.0	0.0	0.0	0.0	1.0
ASV_706	0.0	0.0	0.0	0.7	0.0
ASV_708	28.0	20.3	4.3	0.0	0.0
ASV_711	0.0	0.0	0.7	3.7	0.0
ASV_714	0.7	1.3	1.3	0.3	0.0
ASV_720	0.0	0.0	0.0	0.0	0.3
ASV_721	0.0	0.0	0.0	1.0	0.0
ASV_729	0.0	0.0	0.0	2.3	0.0
ASV_730	3.0	1.0	0.0	0.0	0.0
ASV_740	0.0	0.0	0.0	0.3	0.0
ASV_751	5.7	1.3	0.0	0.0	0.0
ASV_797	0.3	0.7	1.7	0.0	0.0
ASV_802	0.0	0.0	0.0	0.3	0.0
ASV_805	60.3	67.0	0.0	0.0	0.0
ASV_811	0.0	0.0	1.0	0.0	0.0
ASV_812	4.0	0.0	0.0	0.0	0.0
ASV_814	0.0	0.0	0.0	0.3	0.0
ASV_827	0.0	0.0	0.0	2.0	0.0
ASV_841	0.0	0.0	0.0	0.0	2.0
ASV_848	0.0	0.0	0.7	0.3	0.0
ASV_852	0.0	0.0	0.0	0.0	4.0
ASV_855	0.0	0.0	0.0	0.3	0.0
ASV_857	3.7	0.0	0.0	0.0	0.0
ASV_871	0.0	0.0	1.3	0.0	0.0
ASV_878	2.0	0.0	0.0	0.0	0.0
ASV_884	0.0	0.0	0.0	1.0	0.0
ASV_886	0.0	0.0	0.0	0.0	13.3
ASV_903	0.0	0.0	0.0	0.3	0.0
ASV_910	0.0	0.0	0.0	0.0	0.7
ASV_923	0.0	0.0	0.3	0.0	0.0
ASV_924	0.0	1.0	0.0	0.0	0.0
ASV_931	0.0	0.0	0.0	0.7	0.0
ASV_939	0.0	0.0	0.0	1.0	0.0
ASV_940	0.3	0.0	1.0	0.0	0.0
ASV_944	0.0	0.0	0.0	0.3	0.0
ASV_976	0.0	0.0	0.0	0.3	62.0
ASV_981	0.0	0.0	0.3	0.0	0.0
ASV_982	0.0	0.3	0.0	0.0	0.0
ASV_993	0.0	0.0	0.0	2.7	0.0
ASV_994	0.0	0.3	0.0	0.0	0.0
ASV_995	0.0	1.7	0.0	0.0	0.0
ASV_998	0.0	0.0	0.0	0.7	0.0
ASV_1014	0.3	0.0	0.0	0.0	0.0
ASV_1048	0.0	0.0	0.0	1.0	0.0
ASV_1053	0.3	0.0	0.0	0.0	0.0
ASV_1069	0.0	0.0	0.0	1.0	0.0
ASV_1079	0.0	0.0	0.0	1.3	0.0
ASV_1082	0.3	2.3	1.0	0.0	0.0
ASV_1084	0.0	0.0	0.3	1.3	0.0
ASV_1085	0.0	0.0	0.0	0.7	0.0
ASV_1091	3.0	0.0	0.0	0.0	0.0
ASV_1092	0.7	4.0	0.0	0.0	0.0
ASV_1095	0.0	0.3	0.0	0.0	0.0
ASV_1101	0.0	0.0	0.0	0.3	2.7
ASV_1113	0.0	0.0	1.3	0.0	0.0
ASV_1148	4.3	6.0	5.3	0.7	0.0
ASV_1161	0.0	0.3	0.0	0.0	0.0
ASV_1166	0.3	0.0	0.0	0.0	0.0
ASV_1169	0.0	0.0	0.0	0.0	10.3
ASV_1177	0.0	0.0	0.0	0.0	21.3
ASV_1178	0.0	0.0	0.0	0.0	1.3
ASV_1191	0.0	0.0	0.0	0.0	1.3
ASV_1192	0.0	1.3	0.0	0.0	0.0
ASV_1198	0.3	0.0	0.0	0.0	0.0
ASV_1206	0.0	0.0	0.0	0.3	0.0
ASV_1211	0.0	0.0	0.0	0.0	1.7
ASV_1216	0.0	0.0	0.0	6.7	0.0
ASV_1217	0.0	0.0	0.0	0.0	17.7
ASV_1223	0.0	0.0	0.0	0.3	428.0
ASV_1234	2.3	4.0	0.0	0.0	0.0
ASV_1247	0.0	0.0	0.0	0.0	2.0
ASV_1252	0.0	0.0	0.0	0.0	1.0
ASV_1261	0.0	0.0	0.0	0.7	0.0
ASV_1273	0.0	0.0	0.0	0.3	0.0
ASV_1275	0.0	0.0	0.3	0.0	0.0
ASV_1279	0.0	0.0	0.0	0.0	2.7
ASV_1291	0.0	0.0	0.0	3.0	0.0
ASV_1296	0.0	0.0	0.7	0.0	0.0
ASV_1297	0.0	0.0	0.0	0.3	0.0
ASV_1306	2.0	0.3	0.0	0.0	0.0
ASV_1309	0.0	0.0	0.3	0.0	0.0
ASV_1318	0.0	0.0	0.0	0.7	0.0
ASV_1319	0.0	3.0	0.0	0.0	0.0
ASV_1343	0.0	0.0	0.0	2.0	0.0
ASV_1345	0.0	0.0	0.0	2.7	0.0
ASV_1350	0.0	0.0	0.0	1.0	1.0
ASV_1353	0.0	0.0	0.0	0.0	0.3
ASV_1358	0.0	0.0	0.0	0.3	0.0
ASV_1362	3.3	0.0	3.7	0.0	0.0
ASV_1368	0.0	0.0	0.0	0.7	0.0
ASV_1370	0.0	0.0	0.0	3.3	31.3
ASV_1376	0.0	0.0	0.0	2.3	0.0
ASV_1416	0.0	0.0	1.3	0.0	0.0
ASV_1419	0.7	0.0	0.0	0.0	0.0
ASV_1422	5.3	11.3	0.0	0.0	0.0
ASV_1423	0.0	0.0	0.0	2.3	0.0
ASV_1427	0.0	2.7	0.0	0.0	0.0
ASV_1429	1.0	0.0	0.0	0.0	0.0
ASV_1440	0.0	0.0	0.0	3.0	0.0
ASV_1441	12.7	9.3	1.7	0.0	0.0
ASV_1448	0.7	0.0	0.0	0.0	0.0
ASV_1461	0.0	1.7	0.0	0.0	0.0
ASV_1482	0.0	0.0	0.0	0.7	0.0
ASV_1494	0.0	0.0	1.0	0.0	0.0
ASV_1500	1.3	1.3	0.3	0.0	0.0
ASV_1501	14.0	8.3	0.0	0.0	0.0
ASV_1515	0.0	0.0	0.0	0.0	1.0
ASV_1521	0.0	0.0	0.0	0.0	0.7
ASV_1540	0.0	0.0	0.3	0.0	0.0
ASV_1542	0.0	0.0	0.0	2.3	0.0
ASV_1554	1.0	0.0	0.0	0.0	0.0
ASV_1556	0.0	0.0	0.0	0.0	0.7
ASV_1560	3.0	8.3	7.7	0.0	0.0
ASV_1564	1.7	0.0	0.0	0.0	0.0
ASV_1568	6.7	4.7	0.0	0.0	0.0
ASV_1579	0.0	0.0	0.0	1.0	0.0
ASV_1580	0.0	0.0	0.0	0.0	0.3
ASV_1581	1.3	0.0	0.0	0.0	0.0
ASV_1587	6.0	17.3	0.0	0.0	0.0
ASV_1594	0.0	0.0	0.0	12.0	0.0
ASV_1603	0.0	0.0	0.0	0.0	25.7
ASV_1619	0.0	0.3	0.0	0.0	0.0
ASV_1622	0.3	0.0	0.0	0.0	0.0
ASV_1628	0.0	0.0	0.0	0.3	0.0
ASV_1634	0.0	0.0	0.3	0.0	0.0
ASV_1650	0.3	0.0	0.0	0.0	0.0
ASV_1652	0.0	0.0	0.3	0.0	0.0
ASV_1663	0.0	0.0	0.0	0.0	0.7
ASV_1664	0.0	0.0	0.0	0.0	2.0
ASV_1668	0.0	0.3	0.0	0.0	0.0
ASV_1670	0.0	0.0	0.0	0.0	4.7
ASV_1673	0.0	0.0	0.0	0.0	2.0
ASV_1677	0.0	3.0	0.0	0.0	0.0
ASV_1681	20.3	6.7	10.3	1.0	0.0
ASV_1689	0.0	0.0	0.0	0.0	1.3
ASV_1695	0.0	0.0	0.0	0.3	1.3
ASV_1697	0.0	0.0	0.0	0.0	1.3
ASV_1714	0.0	0.0	3.0	4.7	0.0
ASV_1715	0.0	0.0	0.0	0.0	0.3
ASV_1719	0.0	1.0	4.7	1.0	0.0
ASV_1725	0.0	0.0	0.0	0.3	0.0
ASV_1731	0.0	0.0	0.0	0.0	0.7
ASV_1741	0.0	0.0	0.0	0.0	18.7
ASV_1743	0.0	0.0	0.0	0.3	0.0
ASV_1748	0.3	0.0	0.0	0.0	0.0
ASV_1750	0.0	1.3	0.0	0.0	0.0
ASV_1752	0.0	5.7	0.3	0.0	0.0
ASV_1753	0.0	0.0	0.0	0.0	0.3
ASV_1758	0.0	0.0	0.0	0.3	0.0
ASV_1760	0.0	0.0	0.7	0.0	0.0
ASV_1763	1.0	0.7	0.3	0.0	0.0
ASV_1770	0.0	1.7	0.7	0.3	0.0
ASV_1796	0.0	0.0	0.0	0.0	1.0
ASV_1800	0.0	1.0	0.0	0.0	0.0
ASV_1816	0.0	0.0	0.0	1.3	96.7
ASV_1819	0.0	0.0	1.0	0.0	0.0
ASV_1828	0.0	0.0	0.0	0.0	0.3
ASV_1840	0.0	0.0	0.0	7.0	0.0
ASV_1842	0.0	0.0	0.0	0.3	0.7
ASV_1848	0.0	0.0	0.0	0.7	0.0
ASV_1852	0.3	0.3	0.0	0.0	0.0
ASV_1860	0.0	0.0	0.0	3.0	0.0
ASV_1885	0.0	0.7	0.0	0.0	0.0
ASV_1895	8.3	6.7	0.7	0.0	0.0
ASV_1897	1.0	0.0	0.0	0.0	0.0
ASV_1901	0.0	3.0	0.0	0.0	0.0
ASV_1907	0.0	0.3	0.0	0.0	0.0
ASV_1920	0.0	0.0	0.3	0.0	0.0
ASV_1936	0.0	0.0	0.0	0.3	0.0
ASV_1940	0.0	0.0	0.0	0.3	0.0
ASV_1942	0.3	0.0	0.0	0.0	0.0
ASV_1951	0.0	0.3	0.0	0.0	0.0
ASV_1952	0.0	0.0	0.0	0.3	0.0
ASV_1962	0.0	0.7	0.0	0.0	0.0
ASV_1965	0.0	0.0	0.3	0.0	0.0
ASV_1972	0.0	0.0	0.0	0.3	0.0
ASV_1976	0.0	0.0	0.0	0.3	0.0
ASV_1983	0.0	0.0	0.3	22.3	0.0
ASV_1992	0.0	0.0	3.7	5.0	0.0
ASV_2002	0.0	0.0	0.0	0.3	0.0
ASV_2004	0.0	0.0	0.0	0.7	0.0
ASV_2021	0.0	0.0	0.0	0.3	0.0
ASV_2025	2.0	0.0	0.0	0.0	0.0
ASV_2035	1.0	3.7	0.0	0.0	0.0
ASV_2037	0.0	0.0	0.0	0.3	0.0
ASV_2041	0.0	0.0	0.0	6.7	16.0
ASV_2045	6.0	1.7	0.0	0.0	0.0
ASV_2050	0.7	0.0	0.0	0.0	0.0
ASV_2052	0.0	0.0	5.0	0.7	0.0
ASV_2053	0.0	0.0	0.0	0.3	0.0
ASV_2057	0.0	0.0	0.0	0.0	0.3
ASV_2064	0.0	0.0	0.0	0.3	0.0
ASV_2085	0.0	0.0	0.0	0.3	0.0
ASV_2086	0.0	0.0	0.7	0.0	0.0
ASV_2087	0.0	0.0	0.0	0.0	8.3
ASV_2107	0.0	0.3	0.0	0.0	0.0
ASV_2109	0.0	0.0	0.0	0.0	1.0
ASV_2112	0.0	0.0	0.0	1.3	0.0
ASV_2118	0.3	0.0	0.0	0.0	0.0
ASV_2120	0.0	0.0	0.0	3.0	0.0
ASV_2122	0.3	3.3	3.0	0.3	0.0
ASV_2123	3.0	1.7	4.0	0.0	0.0
ASV_2130	0.0	2.3	0.0	0.0	0.0
ASV_2151	0.7	0.0	0.0	0.0	0.0
ASV_2154	0.0	0.3	0.0	0.0	0.0
ASV_2156	0.0	8.3	12.7	2.7	0.0
ASV_2158	0.0	0.3	0.0	0.0	0.0
ASV_2170	0.0	2.0	0.0	0.0	0.0
ASV_2183	0.0	0.0	0.0	0.3	0.0
ASV_2204	0.0	0.0	0.0	4.7	0.0
ASV_2211	0.0	0.0	0.0	14.7	0.0
ASV_2215	0.0	0.0	1.3	13.3	0.0
ASV_2216	0.0	0.0	0.0	0.0	1.3
ASV_2223	0.0	0.0	0.0	0.0	0.3
ASV_2238	0.0	0.0	0.0	6.3	0.0
ASV_2242	0.0	0.0	0.0	0.0	0.3
ASV_2255	0.0	0.0	0.0	1.7	0.0
ASV_2261	0.0	0.0	8.7	12.3	0.0
ASV_2269	0.0	0.0	0.0	4.0	0.0
ASV_2270	0.0	0.0	0.0	0.7	0.0
ASV_2274	0.3	0.0	0.0	0.0	0.0
ASV_2295	0.0	0.0	0.0	6.0	0.0
ASV_2298	0.0	0.0	0.0	2.3	0.0
ASV_2301	0.0	0.0	0.0	0.0	3.3
ASV_2303	1.3	1.0	0.0	0.3	0.0
ASV_2312	0.3	3.3	1.0	0.0	0.0
ASV_2319	2.0	4.7	32.3	11.7	0.0
ASV_2340	0.0	0.0	0.0	0.0	25.7
ASV_2345	0.0	0.0	0.0	0.7	0.0
ASV_2350	10.3	4.0	0.0	0.0	0.0
ASV_2371	0.0	0.0	0.7	0.0	0.0
ASV_2397	0.0	0.0	0.0	0.3	0.0
ASV_2400	1.0	1.3	1.7	0.7	0.0
ASV_2412	0.0	0.0	0.3	0.0	0.0
ASV_2415	0.7	0.0	0.0	0.0	0.0
ASV_2416	0.0	0.0	0.0	3.0	0.0
ASV_2418	0.0	0.0	0.0	0.0	1.0
ASV_2419	0.0	0.0	0.0	0.7	0.0
ASV_2423	0.0	0.3	0.0	0.0	0.0
ASV_2437	0.0	0.0	0.0	2.7	0.0
ASV_2438	3.3	0.0	0.0	0.0	0.0
ASV_2439	0.0	0.0	0.0	0.3	0.7
ASV_2449	0.7	0.7	0.3	0.0	0.0
ASV_2459	0.0	0.0	0.0	1.0	0.3
ASV_2463	0.0	0.3	0.0	0.0	0.0
ASV_2478	0.0	0.0	0.3	0.0	0.0
ASV_2486	0.0	0.0	0.0	0.0	6.3
ASV_2492	1.0	0.0	0.0	0.0	0.0
ASV_2497	1.7	0.0	0.0	0.0	0.0
ASV_2521	2.0	0.7	0.0	0.0	0.0
ASV_2522	4.0	10.3	0.0	0.0	0.0
ASV_2524	0.0	0.0	0.0	0.0	1.0
ASV_2537	0.0	0.0	0.0	1.0	0.0
ASV_2540	0.0	6.0	1.0	0.0	0.0
ASV_2553	0.0	0.0	0.0	0.3	0.0
ASV_2557	22.0	32.0	53.3	20.3	0.0
ASV_2559	0.0	0.0	0.0	0.0	0.7
ASV_2564	4.7	0.0	0.0	0.0	0.0
ASV_2566	0.0	0.0	0.0	0.3	0.7
ASV_2567	0.3	0.0	0.0	0.0	0.0
ASV_2568	0.0	0.3	0.3	0.0	0.0
ASV_2570	0.0	0.0	0.0	0.3	0.0
ASV_2578	0.0	0.0	0.0	0.0	1.3
ASV_2581	0.0	0.0	0.0	0.0	0.7
ASV_2589	0.0	0.0	0.0	0.3	0.0
ASV_2592	0.7	0.0	0.0	0.0	0.0
ASV_2593	0.0	0.0	0.0	1.0	0.0
ASV_2596	0.0	0.0	0.0	0.3	0.0
ASV_2598	0.0	0.0	0.0	0.3	0.0
ASV_2601	0.0	0.0	0.0	0.3	0.0
ASV_2613	0.0	0.0	0.0	3.3	0.0
ASV_2617	0.0	0.0	0.0	0.0	10.7
ASV_2633	0.0	0.0	0.0	1.7	0.0
ASV_2636	0.0	0.0	1.0	0.0	0.0
ASV_2638	6.3	9.7	12.7	3.3	0.0
ASV_2657	1.0	0.0	0.0	0.0	0.0
ASV_2660	0.0	0.0	0.0	0.0	0.7
ASV_2662	0.0	0.0	0.7	0.0	0.0
ASV_2673	0.0	0.0	0.0	2.7	0.0
ASV_2688	0.0	0.0	0.0	0.3	0.0
ASV_2697	0.0	0.0	0.0	0.0	1.0
ASV_2699	0.0	0.0	0.0	0.0	1.0
ASV_2705	0.0	0.0	0.0	0.7	0.0
ASV_2706	0.0	0.0	0.0	0.0	21.0
ASV_2708	0.0	0.0	0.0	0.0	0.7
ASV_2713	0.0	0.0	0.0	7.0	2.7
ASV_2714	0.0	0.0	0.0	0.0	1.0
ASV_2719	0.0	0.7	0.0	0.0	0.0
ASV_2720	0.0	0.0	0.0	0.0	3.0
ASV_2726	0.0	0.0	0.0	0.0	1.0
ASV_2730	0.0	0.0	13.0	0.0	0.0
ASV_2752	0.0	0.0	0.0	0.3	0.0
ASV_2758	0.0	0.0	1.3	0.0	0.0
ASV_2773	3.7	0.0	0.0	0.0	0.0
ASV_2774	1.0	0.0	0.0	0.0	0.0
ASV_2780	0.3	0.0	0.0	0.0	0.0
ASV_2784	0.0	0.0	0.0	1.7	0.0
ASV_2792	0.0	0.0	0.0	0.3	0.0
ASV_2800	0.0	0.0	0.0	0.0	2.0
ASV_2802	0.0	0.7	0.0	0.0	0.0
ASV_2814	0.0	0.0	0.0	0.3	3.7
ASV_2824	1.0	1.3	0.0	0.0	0.0
ASV_2832	3.0	1.7	0.0	0.0	0.0
ASV_2849	0.0	0.0	0.7	0.0	0.0
ASV_2853	0.0	0.0	0.0	0.0	0.7
ASV_2868	0.0	0.0	0.0	0.3	0.0
ASV_2871	0.0	0.0	0.0	0.0	1.0
ASV_2887	5.3	2.7	5.0	2.0	0.0
ASV_2893	0.7	0.7	0.0	0.0	0.0
ASV_2894	0.0	0.0	0.0	4.3	0.3
ASV_2899	2.0	1.3	3.7	0.0	0.0
ASV_2902	5.7	3.3	0.3	0.0	0.0
ASV_2919	0.0	0.0	0.3	0.0	0.0
ASV_2926	0.0	0.0	0.0	0.0	37.3
ASV_2933	0.0	0.0	0.0	23.7	0.0
ASV_2956	0.0	0.0	1.0	0.0	0.0
ASV_2968	0.0	0.0	0.0	0.0	0.3
ASV_2970	7.7	17.3	67.0	12.0	0.0
ASV_2974	1.3	0.0	0.3	0.0	0.0
ASV_2985	0.0	0.0	1.3	0.7	0.0
ASV_2986	0.0	0.0	0.0	0.0	0.3
ASV_2991	0.0	0.0	0.0	6.7	0.0
ASV_3005	0.0	0.0	0.3	0.0	0.0
ASV_3015	0.0	0.0	0.0	0.0	1.3
ASV_3020	0.0	0.0	0.7	0.3	0.0
ASV_3021	0.0	0.0	0.0	0.3	0.0
ASV_3024	16.7	15.3	8.3	2.3	0.0
ASV_3028	0.3	0.0	0.0	0.0	0.0
ASV_3035	10.3	3.7	0.0	1.3	0.0
ASV_3043	3.3	2.7	0.7	0.0	0.0
ASV_3044	0.0	0.0	0.0	2.0	0.0
ASV_3046	0.0	2.0	0.0	0.0	0.0
ASV_3049	0.0	0.0	0.0	0.3	0.0
ASV_3050	0.0	0.0	0.3	0.0	0.0
ASV_3058	8.0	2.7	0.0	0.0	0.0
ASV_3074	0.0	0.0	0.3	0.0	0.0
ASV_3085	0.0	0.0	0.0	0.0	19.0
ASV_3092	0.3	0.0	0.0	0.0	0.0
ASV_3109	0.0	1.0	0.0	0.0	0.0
ASV_3113	1.0	1.3	0.0	0.0	0.0
ASV_3117	0.0	3.0	4.7	0.0	0.0
ASV_3123	0.0	0.3	0.0	0.0	0.0
ASV_3137	0.0	0.0	0.0	2.0	0.0
ASV_3142	0.7	0.0	0.0	0.0	0.0
ASV_3157	0.0	0.0	0.0	0.0	108.7
ASV_3158	0.0	0.0	0.0	0.0	0.7
ASV_3165	0.0	0.0	0.0	3.3	0.0
ASV_3178	0.0	0.0	0.0	1.3	25.7
ASV_3193	1.3	4.0	3.3	1.0	0.0
ASV_3200	0.3	0.0	0.0	0.0	0.0
ASV_3202	0.0	0.0	0.0	1.7	0.0
ASV_3204	5.3	2.3	0.0	0.0	0.0
ASV_3211	1.3	0.0	0.0	0.0	0.0
ASV_3250	1.7	2.3	6.7	0.0	0.0
ASV_3252	0.0	0.0	0.3	0.0	0.0
ASV_3257	0.3	0.0	0.0	0.0	0.0
ASV_3260	0.0	0.0	0.0	0.0	0.7
ASV_3261	3.0	0.0	0.0	0.0	0.0
ASV_3263	0.0	0.0	0.0	7.7	0.0
ASV_3264	0.0	0.3	0.0	0.0	0.0
ASV_3271	10.0	5.7	1.3	0.0	0.0
ASV_3276	0.0	0.7	0.0	0.0	0.0
ASV_3279	0.0	0.0	1.0	0.0	0.0
ASV_3282	0.0	0.0	0.0	1.3	0.7
ASV_3288	0.0	0.0	0.0	0.3	0.0
ASV_3290	0.0	1.0	0.0	0.0	0.0
ASV_3291	0.0	0.0	2.3	33.3	0.0
ASV_3300	1.0	0.0	0.0	0.0	0.0
ASV_3309	3.7	0.0	0.0	0.0	0.0
ASV_3311	0.0	0.0	0.0	0.0	0.3
ASV_3322	0.0	0.0	5.7	9.0	0.0
ASV_3323	0.0	0.0	0.0	0.0	0.3
ASV_3329	0.0	0.0	8.0	3.3	0.0
ASV_3336	0.0	0.0	0.0	1.3	0.0
ASV_3339	0.0	0.7	0.0	0.0	0.0
ASV_3343	27.3	13.7	15.7	4.7	0.0
ASV_3351	0.0	0.0	0.0	0.0	0.3
ASV_3360	0.0	1.7	0.0	0.0	0.0
ASV_3365	0.7	0.0	0.0	0.0	0.0
ASV_3370	0.0	0.0	0.0	3.3	0.0
ASV_3372	1.0	0.0	0.0	0.0	0.0
ASV_3376	0.0	0.0	0.0	0.3	0.0
ASV_3382	0.0	0.0	1.7	0.0	0.0
ASV_3384	2.3	2.3	7.3	3.0	0.0
ASV_3387	25.3	9.0	11.3	1.3	0.0
ASV_3388	4.3	1.3	0.0	0.0	0.0
ASV_3389	0.0	0.0	0.0	1.0	0.0
ASV_3395	0.0	0.0	0.7	0.0	0.0
ASV_3412	0.0	0.0	0.0	0.0	0.3
ASV_3413	0.0	0.0	0.0	0.7	0.0
ASV_3418	0.7	6.3	0.0	0.0	0.0
ASV_3420	0.0	1.3	0.7	0.0	0.0
ASV_3421	0.0	0.0	0.0	1.0	2.3
ASV_3423	0.0	0.0	0.0	0.7	1.7
ASV_3427	91.3	72.0	4.7	2.3	0.0
ASV_3443	0.0	0.0	0.0	0.7	0.0
ASV_3446	3.0	4.0	1.3	0.0	0.0
ASV_3457	0.0	0.0	0.0	0.7	0.0
ASV_3459	0.3	0.0	0.0	0.0	0.0
ASV_3468	0.0	0.7	1.0	0.0	0.0
ASV_3480	0.0	0.0	0.0	1.0	0.0
ASV_3481	0.0	0.0	0.0	0.3	0.0
ASV_3484	0.0	0.0	0.0	0.0	0.3
ASV_3485	0.3	0.0	0.0	0.0	0.0
ASV_3491	0.0	0.0	0.7	0.0	0.0
ASV_3492	0.0	0.0	0.0	0.0	1.0
ASV_3504	0.0	0.0	1.3	1.7	0.0
ASV_3516	1.3	1.0	0.3	0.0	0.0
ASV_3519	0.0	0.0	0.0	0.0	0.7
ASV_3528	1.0	0.0	0.0	0.0	0.0
ASV_3534	0.0	0.0	0.3	0.0	0.0
ASV_3536	0.0	0.0	0.0	18.3	0.0
ASV_3537	0.0	0.0	0.0	0.0	0.3
ASV_3539	0.0	0.0	0.3	0.0	0.0
ASV_3541	0.0	0.0	0.0	0.0	9.3
ASV_3546	1.3	4.0	0.0	0.0	0.0
ASV_3548	0.0	0.7	0.0	0.0	0.0
ASV_3551	0.0	0.3	0.0	0.0	0.0
ASV_3556	0.0	0.0	0.0	1.0	0.0
ASV_3574	13.7	4.0	10.3	1.0	0.0
ASV_3580	20.0	9.0	2.7	0.0	0.0
ASV_3581	0.0	0.0	0.0	0.0	1.3
ASV_3583	1.3	0.0	0.7	0.0	0.0
ASV_3587	0.0	0.0	0.0	0.0	8.3
ASV_3601	0.0	0.0	0.0	0.0	0.7
ASV_3608	0.0	0.0	0.0	1.7	0.0
ASV_3610	0.0	0.0	0.0	5.3	0.0
ASV_3615	4.3	0.0	0.0	0.0	0.0
ASV_3618	0.0	0.0	1.3	0.0	0.0
ASV_3622	0.0	0.0	0.0	1.3	0.0
ASV_3625	0.0	0.7	0.7	0.0	0.0
ASV_3629	0.0	0.0	0.0	0.7	0.0
ASV_3636	0.0	0.0	0.0	0.7	0.0
ASV_3639	29.3	18.7	0.0	0.0	0.0
ASV_3640	0.0	0.0	0.0	0.0	0.7
ASV_3670	0.0	0.0	0.0	0.0	1.0
ASV_3674	0.0	0.0	0.0	0.0	10.7
ASV_3676	0.0	0.0	0.0	1.0	0.0
ASV_3684	0.0	0.3	0.0	0.0	0.0
ASV_3686	0.0	0.7	0.0	0.0	0.0
ASV_3688	0.0	0.0	0.0	0.3	0.0
ASV_3693	0.0	2.0	0.0	0.0	0.0
ASV_3699	0.0	1.3	21.0	39.0	0.0
ASV_3700	0.0	0.0	0.0	0.0	26.0
ASV_3722	0.0	0.0	0.0	0.7	0.0
ASV_3723	0.0	0.0	0.0	1.0	0.0
ASV_3726	4.0	0.0	0.0	0.3	0.0
ASV_3729	3.0	3.0	2.0	0.7	0.0
ASV_3732	10.0	1.7	0.0	0.0	0.0
ASV_3737	0.0	0.0	0.0	0.3	0.0
ASV_3749	0.0	0.0	16.0	3.3	0.0
ASV_3755	0.0	0.0	0.3	0.0	0.0
ASV_3768	0.0	0.0	0.0	1.3	0.0
ASV_3770	0.0	0.0	0.0	0.7	0.0
ASV_3772	0.3	0.0	0.0	0.0	0.0
ASV_3786	0.0	2.7	0.0	0.0	0.0
ASV_3789	0.0	0.0	0.0	1.3	0.0
ASV_3799	0.0	0.0	0.0	0.0	1.3
ASV_3804	0.0	0.0	0.0	0.7	0.0
ASV_3807	0.3	0.0	0.0	0.0	0.0
ASV_3809	0.0	0.0	5.7	54.0	0.0
ASV_3817	0.0	0.0	0.0	0.7	1.0
ASV_3821	0.0	0.0	0.0	0.0	0.3
ASV_3823	0.7	1.0	0.0	0.0	0.0
ASV_3825	0.0	0.0	0.0	26.7	0.0
ASV_3832	0.0	0.0	0.0	0.0	1.0
ASV_3835	0.0	0.0	0.3	0.0	0.0
ASV_3836	0.0	0.0	0.0	0.3	0.0
ASV_3837	0.0	0.0	0.0	0.3	0.0
ASV_3847	0.3	0.0	0.0	0.0	0.0
ASV_3850	0.0	0.0	0.0	0.0	2.7
ASV_3863	0.0	0.0	0.0	0.0	0.7
ASV_3874	2.3	0.7	0.0	0.0	0.0
ASV_3878	0.0	0.0	0.0	2.3	0.0
ASV_3885	0.0	0.0	19.0	62.7	0.0
ASV_3891	0.0	0.0	0.0	0.0	0.3
ASV_3898	0.0	0.0	0.0	0.0	0.3
ASV_3906	0.0	0.0	0.0	0.0	0.3
ASV_3911	0.0	0.7	1.0	0.0	0.0
ASV_3921	2.0	1.7	0.0	0.0	0.0
ASV_3923	0.0	0.0	0.7	0.0	0.0
ASV_3958	0.0	0.0	0.0	2.0	0.0
ASV_3965	0.0	0.0	0.0	1.0	0.0
ASV_3967	3.0	12.7	2.3	0.0	0.0
ASV_3970	3.0	15.3	0.0	0.0	0.0
ASV_3971	3.0	0.3	0.0	0.0	0.0
ASV_3974	0.0	0.0	0.0	1.3	9.7
ASV_3975	0.0	0.3	0.0	0.0	0.0
ASV_4009	0.0	0.0	0.0	0.0	0.3
ASV_4012	14.3	14.0	12.0	2.3	0.0
ASV_4028	0.0	0.0	0.0	2.7	0.0
ASV_4032	0.0	0.0	0.0	1.0	0.0
ASV_4033	0.0	0.0	0.0	3.7	0.0
ASV_4035	0.0	0.0	0.0	2.3	0.0
ASV_4041	0.0	1.3	10.0	0.7	0.0
ASV_4045	0.3	0.0	0.0	0.0	0.0
ASV_4084	0.0	0.0	0.0	0.0	3.7
ASV_4094	0.0	0.0	0.0	0.3	0.0
ASV_4102	5.7	0.0	32.3	18.3	0.0
ASV_4109	0.0	0.0	1.7	0.7	0.0
ASV_4135	0.0	0.0	0.3	16.3	0.0
ASV_4142	0.0	0.0	0.0	73.3	0.0
ASV_4153	7.7	0.0	0.0	0.0	0.0
ASV_4155	0.0	0.0	0.0	1.0	0.0
ASV_4171	0.3	0.0	0.0	0.0	0.0
ASV_4200	0.0	0.0	0.0	0.3	0.0
ASV_4235	0.7	0.0	0.0	0.0	0.0
ASV_4237	0.0	0.0	2.3	0.0	0.0
ASV_4256	0.0	1.7	0.0	0.0	0.0
ASV_4267	0.0	0.3	0.0	0.0	0.0
ASV_4288	0.0	0.0	0.0	0.3	0.0
ASV_4291	0.0	1.0	0.0	0.0	0.0
ASV_4295	0.0	0.0	0.0	8.7	0.0
ASV_4298	0.0	0.0	0.0	0.7	0.0
ASV_4311	0.0	1.0	0.0	0.0	0.0
ASV_4320	0.0	2.0	0.0	0.0	0.0
ASV_4332	6.7	7.7	0.0	0.0	0.0
ASV_4334	0.0	1.0	0.0	0.0	0.0
ASV_4342	0.0	0.0	0.7	0.0	0.0
ASV_4347	2.7	0.0	0.0	0.0	0.0
ASV_4353	0.0	0.0	0.0	2.0	0.0
ASV_4364	0.0	0.0	0.7	0.0	0.0
ASV_4376	0.0	0.7	0.0	0.0	0.0
ASV_4381	0.0	0.0	0.0	0.3	0.0
ASV_4389	0.0	0.0	0.0	0.0	0.3
ASV_4393	0.0	0.0	0.0	12.0	0.0
ASV_4416	0.0	0.3	0.0	0.0	0.0
ASV_4426	0.0	0.0	1.0	0.3	0.0
ASV_4436	1.0	0.0	0.0	0.0	0.0
ASV_4444	0.0	0.0	0.0	1.7	0.0
ASV_4448	0.0	0.0	0.0	0.0	0.3
ASV_4452	0.0	0.0	0.0	1.0	0.0
ASV_4458	0.0	0.0	0.3	0.0	0.0
ASV_4461	0.3	0.0	0.0	0.0	0.0
ASV_4466	0.0	0.0	0.0	0.0	0.7
ASV_4477	9.7	12.7	26.7	0.0	0.0
ASV_4482	0.3	0.0	0.0	0.0	0.0
ASV_4490	0.0	0.0	0.0	0.0	0.3
ASV_4493	0.0	0.0	0.7	0.0	0.0
ASV_4494	3.7	2.0	1.0	0.0	0.0
ASV_4496	0.0	0.0	0.0	0.3	0.0
ASV_4498	0.0	0.0	0.0	0.3	0.0
ASV_4505	0.0	1.7	0.0	0.0	0.0
ASV_4514	0.0	0.0	0.0	0.0	0.7
ASV_4530	1.0	0.0	0.0	0.0	0.0
ASV_4536	0.0	0.0	0.0	12.0	0.0
ASV_4538	0.0	0.0	0.0	0.3	0.0
ASV_4539	0.0	0.0	0.0	0.0	1.0
ASV_4543	109.7	26.0	161.7	26.0	0.0
ASV_4547	0.0	0.0	0.0	1.7	0.0
ASV_4553	0.0	0.7	0.0	0.0	0.0
ASV_4564	0.0	0.0	0.3	0.0	0.0
ASV_4585	11.3	1.3	0.0	0.0	0.0
ASV_4586	0.7	0.3	0.0	0.0	0.0
ASV_4588	0.3	0.0	0.0	0.0	0.0
ASV_4593	0.0	0.0	0.0	0.3	0.0
ASV_4604	0.3	0.0	0.0	0.0	0.0
ASV_4611	0.0	0.0	0.0	0.7	1.0
ASV_4615	0.0	0.3	0.0	0.0	0.0
ASV_4616	0.0	0.0	0.0	0.3	0.0
ASV_4617	1.0	0.0	0.0	0.0	0.0
ASV_4619	0.0	3.0	0.0	0.0	0.0
ASV_4631	0.0	1.0	1.7	0.0	0.0
ASV_4638	1.0	0.3	0.0	0.0	0.0
ASV_4648	0.0	0.0	0.0	0.3	0.0
ASV_4655	0.0	0.0	1.7	0.7	0.0
ASV_4661	0.0	0.0	0.0	0.0	5.3
ASV_4667	0.0	0.0	0.0	0.3	0.0
ASV_4668	0.3	0.0	0.0	0.0	0.0
ASV_4669	0.0	1.0	0.0	0.0	0.0
ASV_4676	0.0	0.0	0.0	0.3	0.3
ASV_4677	0.0	0.0	0.0	0.3	0.0
ASV_4681	0.0	0.0	0.7	0.0	0.0
ASV_4686	0.0	0.0	0.0	0.7	0.0
ASV_4688	9.3	4.3	0.0	0.0	0.0
ASV_4697	0.0	0.0	0.0	7.7	0.0
ASV_4700	0.0	0.3	0.0	0.0	0.0
ASV_4706	0.0	2.3	7.0	1.3	0.0
ASV_4712	0.0	0.0	5.7	5.3	0.0
ASV_4713	0.7	0.0	0.0	0.0	0.0
ASV_4715	0.0	0.0	0.0	0.0	0.7
ASV_4721	0.0	0.0	0.0	0.3	0.0
ASV_4726	0.0	0.0	0.0	0.7	0.0
ASV_4727	224.3	112.7	177.0	29.0	0.0
ASV_4733	0.0	1.0	0.0	0.0	0.0
ASV_4746	0.0	0.0	0.3	0.0	0.0
ASV_4750	0.0	0.0	4.0	0.0	0.0
ASV_4762	0.0	0.7	0.0	0.0	0.0
ASV_4765	0.0	2.0	0.0	0.0	0.0
ASV_4770	2.7	1.3	0.7	0.0	0.0
ASV_4776	0.0	0.7	0.0	0.0	0.0
ASV_4787	0.0	0.0	0.0	0.3	0.7
ASV_4791	0.7	0.0	0.0	0.0	0.0
ASV_4802	0.0	0.0	0.0	0.7	0.0
ASV_4811	1.3	0.0	0.0	0.0	0.0
ASV_4812	3.7	0.0	0.0	0.0	0.0
ASV_4816	0.0	0.0	0.3	19.7	0.3
ASV_4820	0.0	0.0	0.0	0.3	0.0
ASV_4830	0.0	0.0	0.0	7.3	0.0
ASV_4832	0.0	0.0	0.0	2.3	0.0
ASV_4834	0.0	0.0	0.0	1.0	0.0
ASV_4838	0.0	0.0	6.3	2.0	0.0
ASV_4847	0.0	0.0	0.0	3.3	0.0
ASV_4869	0.0	0.7	0.0	0.0	0.0
ASV_4879	0.0	0.0	0.0	0.0	147.3
ASV_4883	0.0	0.0	0.0	1.3	0.3
ASV_4893	0.0	0.0	0.0	1.0	0.0
ASV_4896	0.0	0.0	0.0	0.3	0.0
ASV_4900	0.0	0.0	0.0	0.3	0.0
ASV_4902	0.0	0.0	0.0	0.3	0.0
ASV_4917	0.0	0.0	0.0	0.0	3.3
ASV_4922	0.0	0.0	1.0	0.7	0.0
ASV_4924	0.0	0.0	0.0	0.0	2.0
ASV_4926	0.0	1.0	0.0	0.0	0.0
ASV_4927	0.0	0.0	0.3	2.0	0.0
ASV_4928	0.7	0.7	0.0	0.0	0.0
ASV_4941	0.0	0.0	0.0	0.3	0.0
ASV_4953	0.0	8.0	0.7	0.3	0.0
ASV_4956	0.0	0.0	0.0	0.3	0.0
ASV_4964	0.0	0.0	0.0	0.7	0.0
ASV_4971	0.0	0.0	0.0	0.0	1.0
ASV_4973	0.3	0.0	0.0	0.0	0.0
ASV_4975	0.0	0.0	0.3	0.0	0.0
ASV_4988	0.0	0.0	0.0	0.0	55.0
ASV_5003	2.0	3.0	0.0	0.0	0.0
ASV_5012	0.0	0.0	1.0	0.7	0.0
ASV_5013	4.0	21.7	0.7	0.3	0.0
ASV_5016	0.0	0.0	0.0	0.7	0.0
ASV_5035	0.0	0.0	0.7	16.0	0.0
ASV_5036	0.3	0.0	0.0	0.0	0.0
ASV_5043	0.0	0.3	0.0	0.0	0.0
ASV_5058	0.0	1.7	0.0	0.0	0.0
ASV_5060	0.0	0.0	0.0	1.0	0.0
ASV_5065	0.0	0.0	0.3	0.0	0.0
ASV_5070	0.0	0.0	1.0	0.0	0.0
ASV_5072	0.0	0.0	0.0	40.3	54.3
ASV_5086	4.0	0.0	0.0	0.0	0.0
ASV_5090	0.0	0.0	0.0	0.0	0.3
ASV_5092	0.3	0.0	0.0	0.0	0.0
ASV_5094	0.0	0.0	0.3	0.0	0.0
ASV_5097	2.0	0.0	1.0	0.0	0.0
ASV_5100	0.0	0.0	0.0	0.0	5.7
ASV_5105	0.0	0.0	0.0	0.0	0.3
ASV_5107	2.7	9.3	0.3	0.0	0.0
ASV_5109	0.0	0.0	0.0	0.3	0.0
ASV_5117	0.0	0.0	0.0	0.0	0.3
ASV_5118	0.0	3.0	0.0	0.3	0.0
ASV_5128	0.0	0.0	0.0	0.0	0.3
ASV_5129	0.3	0.0	0.0	0.0	0.0
ASV_5130	0.0	0.0	0.0	0.3	0.0
ASV_5132	2.7	1.0	0.0	0.0	0.0
ASV_5145	0.0	0.0	0.0	0.0	3.0
ASV_5146	6.7	0.3	5.3	3.0	0.0
ASV_5173	0.0	0.0	0.0	5.3	12.0
ASV_5176	0.3	0.0	0.0	0.0	0.0
ASV_5185	0.0	0.0	0.7	2.3	0.0
ASV_5193	0.0	0.0	0.0	0.0	0.3
ASV_5199	0.3	0.0	0.0	0.0	0.0
ASV_5208	0.0	0.0	0.0	3.7	0.0
ASV_5215	0.0	22.7	4.7	1.3	0.0
ASV_5227	26.0	24.0	58.7	9.3	0.0
ASV_5246	0.0	0.0	0.0	12.7	0.0
ASV_5254	0.0	0.0	0.0	0.0	13.0
ASV_5263	6.3	0.0	0.0	0.0	0.0
ASV_5269	0.0	0.0	0.3	0.0	0.0
ASV_5270	0.0	0.0	0.0	0.3	0.0
ASV_5272	0.0	3.3	0.0	0.0	0.0
ASV_5273	0.0	0.0	0.0	0.3	0.0
ASV_5280	0.0	0.0	0.0	0.0	0.3
ASV_5283	0.0	0.0	0.0	0.0	0.3
ASV_5288	0.0	0.0	0.0	0.0	0.3
ASV_5290	0.3	0.0	0.0	0.0	0.0
ASV_5293	0.0	0.0	0.0	0.0	0.7
ASV_5304	0.0	0.0	0.0	0.0	6.7
ASV_5307	0.7	0.0	0.0	0.0	0.0
ASV_5329	0.0	0.0	0.0	0.3	0.0
ASV_5335	0.0	0.0	0.3	0.0	0.0
ASV_5340	0.3	0.3	1.0	0.3	0.0
ASV_5343	0.0	0.0	0.3	0.0	0.0
ASV_5345	2.3	2.3	1.3	0.0	0.0
ASV_5346	0.0	0.7	0.0	0.0	0.0
ASV_5354	15.3	10.0	2.3	1.0	0.0
ASV_5355	0.0	0.0	0.0	0.3	0.0
ASV_5365	0.0	0.0	0.0	0.0	4.0
ASV_5367	2.7	2.0	0.0	0.0	0.0
ASV_5373	2.0	0.0	0.0	0.0	0.0
ASV_5374	0.0	1.0	0.0	0.0	0.0
ASV_5375	0.0	0.0	1.0	1.0	0.0
ASV_5380	0.0	0.0	0.0	0.3	0.0
ASV_5382	0.0	0.7	0.0	0.0	0.0
ASV_5400	0.0	0.0	0.0	0.0	1.3
ASV_5404	0.0	0.0	0.0	0.3	0.0
ASV_5405	0.0	0.0	1.0	0.0	0.0
ASV_5410	0.0	0.3	0.0	0.0	0.0
ASV_5434	0.0	0.0	2.0	0.0	0.0
ASV_5445	0.0	0.0	0.0	0.3	0.0
ASV_5456	0.0	0.0	0.0	0.7	0.0
ASV_5462	0.0	0.0	0.0	0.0	5.7
ASV_5465	0.0	0.3	0.7	0.3	0.0
ASV_5467	0.0	0.0	1.0	0.3	0.0
ASV_5471	0.0	0.0	0.0	2.0	2.3
ASV_5480	0.0	0.0	0.0	0.0	1.0
ASV_5491	0.0	0.0	0.0	0.3	0.0
ASV_5496	0.0	0.3	0.0	0.0	0.0
ASV_5505	0.0	0.0	0.0	0.0	1.0
ASV_5509	2.3	0.0	0.0	0.0	0.0
ASV_5510	1.0	0.0	0.0	0.0	0.0
ASV_5514	1.3	0.0	0.0	0.0	0.0
ASV_5521	0.0	0.0	0.0	0.0	3.0
ASV_5523	0.0	0.0	0.0	0.0	0.3
ASV_5537	0.0	0.0	0.0	0.0	3.7
ASV_5544	0.0	0.0	0.3	0.0	0.0
ASV_5549	0.0	0.3	0.0	0.0	0.0
ASV_5553	0.0	0.0	0.3	0.0	0.0
ASV_5564	3.0	17.7	11.0	0.7	0.0
ASV_5566	0.0	0.7	0.3	0.0	0.0
ASV_5572	0.0	2.0	0.0	0.0	0.0
ASV_5575	1.3	1.3	0.0	0.0	0.0
ASV_5576	0.0	0.0	0.0	0.0	0.3
ASV_5577	0.0	4.0	0.0	0.0	0.0
ASV_5582	7.7	7.7	26.3	14.3	0.0
ASV_5588	0.0	0.0	0.3	0.0	0.0
ASV_5591	0.7	0.3	3.0	0.3	0.0
ASV_5609	0.0	0.0	0.3	0.0	0.0
ASV_5619	0.0	0.0	0.0	0.0	0.3
ASV_5624	0.0	0.0	0.0	0.3	0.0
ASV_5633	0.3	0.0	0.0	0.0	0.0
ASV_5670	0.0	0.0	10.3	12.3	0.0
ASV_5681	0.0	0.0	0.0	0.0	0.3
ASV_5682	0.0	0.0	0.0	0.3	0.0
ASV_5689	91.7	58.0	55.7	14.0	0.0
ASV_5695	0.0	0.0	0.3	0.0	0.0
ASV_5696	0.0	0.0	0.0	0.0	0.3
ASV_5702	0.0	0.7	1.0	0.0	0.0
ASV_5706	0.0	0.0	0.0	1.3	0.0
ASV_5722	0.0	0.0	0.0	0.7	0.0
ASV_5726	0.0	0.0	0.0	0.0	0.7
ASV_5735	0.0	0.0	0.0	0.0	0.7
ASV_5742	0.0	0.0	0.0	0.0	0.3
ASV_5761	0.0	0.0	1.3	0.3	0.0
ASV_5762	0.0	0.7	0.0	0.0	0.0
ASV_5781	1.3	0.0	0.0	0.0	0.0
ASV_5787	0.0	0.0	0.0	1.7	0.0
ASV_5795	0.0	0.0	0.0	9.7	0.0
ASV_5797	0.0	2.0	0.0	0.0	0.0
ASV_5811	0.0	0.0	1.7	4.3	0.0
ASV_5828	0.0	0.0	0.0	0.0	4.3
ASV_5832	0.0	0.0	0.0	0.0	0.3
ASV_5841	0.0	0.0	0.0	0.0	3.0
ASV_5849	0.0	0.0	0.0	0.3	0.0
ASV_5864	19.3	0.0	0.0	0.0	0.0
ASV_5878	0.0	0.0	0.0	0.3	2.0
ASV_5885	0.0	0.0	0.0	0.3	0.0
ASV_5888	0.0	0.0	14.7	4.7	0.0
ASV_5889	0.0	0.0	0.0	0.0	0.7
ASV_5900	0.0	0.0	0.0	0.0	3.3
ASV_5914	0.0	0.0	0.0	0.0	0.3
ASV_5943	0.0	0.0	0.0	0.0	14.7
ASV_5944	0.0	0.0	0.0	0.3	0.0
ASV_5972	0.0	0.3	0.0	0.0	0.0
ASV_5973	0.0	0.0	0.0	0.0	0.3
ASV_5990	0.0	1.0	0.0	0.0	0.0
ASV_6000	0.0	0.3	0.0	0.0	0.0
ASV_6002	0.0	0.0	0.0	4.3	0.3
ASV_6023	0.0	1.7	0.7	0.0	0.0
ASV_6029	0.0	0.0	0.0	2.7	0.0
ASV_6048	0.0	1.7	0.0	0.0	0.0
ASV_6050	1.0	1.7	0.7	0.0	0.0
ASV_6059	0.0	0.0	0.0	6.7	1.0
ASV_6061	9.7	4.7	0.0	0.0	0.0
ASV_6067	0.0	0.0	0.0	0.0	1.3
ASV_6072	0.0	0.0	0.0	1.0	0.0
ASV_6075	0.0	0.0	0.0	1.7	0.3
ASV_6076	0.0	0.0	0.0	0.3	0.0
ASV_6083	0.0	0.0	0.0	1.7	0.0
ASV_6091	0.0	0.0	0.0	0.7	0.0
ASV_6095	0.0	0.0	0.0	2.7	0.0
ASV_6098	0.0	0.0	0.3	0.0	0.0
ASV_6102	0.0	0.0	0.3	0.0	0.0
ASV_6104	0.0	0.0	0.0	9.3	0.0
ASV_6122	2.0	0.0	0.7	0.3	0.0
ASV_6142	0.0	0.0	0.0	0.3	0.0
ASV_6151	0.0	0.0	0.0	8.0	1.0
ASV_6156	0.0	0.0	0.7	3.3	0.0
ASV_6173	0.0	0.0	0.0	0.3	0.0
ASV_6175	1.0	0.0	0.0	0.0	0.0
ASV_6184	0.0	0.3	0.0	0.0	0.0
ASV_6194	0.0	0.0	0.0	0.0	0.7
ASV_6204	0.0	0.0	0.0	0.0	2.0
ASV_6208	4.7	5.0	0.0	0.0	0.0
ASV_6212	0.0	0.0	0.0	0.3	0.0
ASV_6215	0.0	0.3	0.0	0.0	0.0
ASV_6216	0.0	0.7	0.0	0.0	0.0
ASV_6223	0.0	0.0	0.0	1.0	0.0
ASV_6224	0.0	0.0	0.0	0.3	0.0
ASV_6238	0.0	0.0	0.0	0.0	20.0
ASV_6246	0.0	0.0	0.0	1.0	0.0
ASV_6250	0.0	0.0	0.0	0.7	0.0
ASV_6260	1.7	0.0	0.0	0.0	0.0
ASV_6262	0.0	0.0	0.0	0.0	0.7
ASV_6281	0.0	0.3	0.0	0.0	0.0
ASV_6282	5.3	6.7	0.0	0.0	0.0
ASV_6295	0.0	0.0	0.0	0.3	0.0
ASV_6300	0.0	0.0	0.0	1.7	0.0
ASV_6311	0.0	0.0	0.0	0.0	4.3
ASV_6312	1.3	1.0	5.0	1.0	0.0
ASV_6314	0.0	0.0	0.0	0.0	1.7
ASV_6319	0.0	10.0	0.0	0.0	0.0
ASV_6328	1.0	0.0	0.0	0.0	0.0
ASV_6334	0.0	0.0	0.0	0.0	0.3
ASV_6341	4.0	4.0	0.0	0.0	0.0
ASV_6347	0.0	0.0	0.0	1.3	0.0
ASV_6364	0.0	0.0	0.3	1.3	0.0
ASV_6366	0.0	0.0	0.0	1.7	0.0
ASV_6367	0.0	0.0	0.0	0.7	0.0
ASV_6370	0.0	0.3	0.0	0.0	0.0
ASV_6371	0.0	0.0	2.7	0.0	0.0
ASV_6374	0.0	0.0	0.0	0.0	3.0
ASV_6381	0.0	0.0	0.7	0.0	0.0
ASV_6382	0.0	0.0	0.0	0.0	1.0
ASV_6386	0.3	0.0	0.0	0.0	0.0
ASV_6419	0.0	0.7	0.0	0.0	0.0
ASV_6448	0.0	0.0	0.0	0.0	1.3
ASV_6456	0.0	0.0	0.0	0.0	1.3
ASV_6472	0.0	0.0	0.0	0.0	0.7
ASV_6476	0.0	0.0	0.3	0.0	0.0
ASV_6496	0.0	0.0	0.0	1.0	0.0
ASV_6515	0.0	0.0	0.0	0.3	0.0
ASV_6517	0.0	0.0	0.0	0.3	0.0
ASV_6526	3.7	1.7	0.7	0.0	0.0
ASV_6533	0.0	0.0	0.0	1.0	0.0
ASV_6534	0.0	0.0	0.0	6.7	0.0
ASV_6535	0.0	0.0	0.0	2.0	0.0
ASV_6536	3.0	25.3	2.7	0.7	0.0
ASV_6540	0.0	0.7	0.0	0.0	0.0
ASV_6546	0.0	0.0	0.0	0.3	0.0
ASV_6558	0.0	0.0	0.0	0.3	0.0
ASV_6571	0.0	0.0	0.0	2.3	0.0
ASV_6573	0.0	0.0	0.0	0.0	0.7
ASV_6574	0.0	0.0	0.0	0.3	0.0
ASV_6576	0.0	4.0	0.0	0.0	0.0
ASV_6577	0.0	0.7	0.0	0.0	0.0
ASV_6583	0.0	0.3	0.0	0.0	0.0
ASV_6589	1.3	0.3	0.7	0.0	0.0
ASV_6600	0.0	0.3	0.0	0.3	0.0
ASV_6601	0.3	0.3	0.0	0.0	0.0
ASV_6612	0.0	6.7	1.7	0.0	0.0
ASV_6613	0.0	0.0	0.7	0.3	0.0
ASV_6630	0.0	0.0	0.0	0.0	0.7
ASV_6636	0.0	0.0	0.0	0.0	0.3
ASV_6646	0.0	0.0	0.3	2.0	3.3
ASV_6657	1.0	0.3	0.0	0.0	0.0
ASV_6661	11.7	4.7	0.0	0.0	0.0
ASV_6663	0.0	0.0	0.0	1.0	0.0
ASV_6667	0.0	0.0	0.0	1.0	0.0
ASV_6669	0.0	1.7	1.3	0.0	0.0
ASV_6670	0.0	0.7	0.0	0.0	0.0
ASV_6673	0.0	0.7	0.0	0.0	0.0
ASV_6677	0.7	3.3	5.7	1.0	0.0
ASV_6683	1.7	0.0	0.0	0.0	0.0
ASV_6706	0.0	0.0	0.0	2.7	0.0
ASV_6710	0.0	1.3	0.0	0.0	0.0
ASV_6725	0.0	0.3	0.0	0.0	0.0
ASV_6731	0.0	0.0	0.0	0.0	22.3
ASV_6736	0.0	0.3	0.0	0.7	0.0
ASV_6755	0.0	0.0	0.0	0.0	0.7
ASV_6763	3.7	0.0	0.0	0.0	0.0
ASV_6766	0.0	0.0	0.0	0.0	0.3
ASV_6778	0.0	0.0	0.3	0.0	0.0
ASV_6786	0.0	0.0	0.0	1.0	0.0
ASV_6791	1.3	9.7	3.3	0.0	0.0
ASV_6805	0.0	0.0	0.0	0.3	0.0
ASV_6821	0.3	0.0	0.0	0.0	0.0
ASV_6827	0.3	0.0	0.0	0.0	0.0
ASV_6830	0.0	0.0	1.3	0.0	0.0
ASV_6835	0.0	0.0	0.0	0.0	3.7
ASV_6849	0.0	0.3	1.7	0.7	0.0
ASV_6852	0.0	0.0	0.0	0.7	0.7
ASV_6860	4.0	14.7	6.3	0.7	0.0
ASV_6862	0.0	0.0	5.0	6.3	0.3
ASV_6863	0.0	0.3	0.0	0.0	0.0
ASV_6872	0.0	0.0	0.0	0.0	2.7
ASV_6876	20.3	48.0	22.3	2.0	0.0
ASV_6877	0.0	0.0	5.0	1.0	0.0
ASV_6879	1.0	0.0	0.0	0.0	0.0
ASV_6882	0.0	0.0	0.0	4.0	0.0
ASV_6885	0.0	0.0	0.0	0.0	1.0
ASV_6893	25.0	4.0	39.7	7.0	0.0
ASV_6895	0.0	0.3	0.3	0.0	0.0
ASV_6910	0.0	0.0	0.0	0.0	1.3
ASV_6912	0.0	0.0	0.0	0.7	0.0
ASV_6917	0.0	0.3	0.0	0.0	0.0
ASV_6921	0.0	3.3	0.7	0.0	0.0
ASV_6951	0.0	0.0	0.0	0.7	0.0
ASV_6952	0.0	0.0	0.0	0.3	0.0
ASV_6955	0.0	0.0	0.0	0.0	0.3
ASV_6957	0.0	0.0	7.3	16.0	0.0
ASV_6968	0.0	0.0	0.0	0.3	0.0
ASV_6986	0.0	0.0	0.0	0.0	0.3
ASV_6990	0.0	0.0	4.7	25.0	0.0
ASV_7000	7.0	0.0	0.0	0.0	0.0
ASV_7010	0.0	0.0	0.0	0.0	7.7
ASV_7012	0.0	0.0	0.7	0.3	0.0
ASV_7016	0.0	0.0	0.0	0.3	0.0
ASV_7029	0.0	7.0	2.0	0.0	0.0
ASV_7037	0.0	0.0	0.0	0.0	0.3
ASV_7041	0.0	0.0	0.0	1.7	0.0
ASV_7053	0.0	0.0	0.0	0.7	0.0
ASV_7055	0.0	0.0	0.0	0.7	0.0
ASV_7060	0.0	0.0	0.0	1.3	0.0
ASV_7061	1.7	3.7	0.3	0.0	0.0
ASV_7064	1.0	9.0	0.0	0.0	0.0
ASV_7076	0.0	0.3	0.0	0.0	0.0
ASV_7078	0.0	1.7	0.3	0.0	0.0
ASV_7090	0.7	0.0	0.0	0.0	0.0
ASV_7093	0.0	0.3	0.0	0.0	0.0
ASV_7097	102.3	93.3	24.7	6.7	0.0
ASV_7100	0.7	0.0	0.0	0.0	0.0
ASV_7107	0.0	0.0	0.3	0.0	0.0
ASV_7110	0.0	0.0	0.0	1.0	0.0
ASV_7112	0.0	0.0	0.7	0.0	0.0
ASV_7115	0.0	0.0	0.0	0.3	0.0
ASV_7118	0.0	0.0	0.0	0.3	0.0
ASV_7138	0.0	0.0	0.0	0.0	0.7
ASV_7150	0.0	0.0	0.3	0.0	0.0
ASV_7161	0.0	0.0	0.0	0.0	0.7
ASV_7163	0.0	0.7	0.0	0.0	0.0
ASV_7169	0.0	0.7	0.0	0.0	0.0
ASV_7172	0.7	1.0	0.0	0.0	0.0
ASV_7192	0.0	0.0	0.0	0.3	0.0
ASV_7198	0.0	0.0	0.0	0.3	29.7
ASV_7203	1.3	1.0	0.3	0.0	0.0
ASV_7217	0.0	0.0	0.7	0.0	0.0
ASV_7223	0.0	0.0	0.0	0.0	0.3
ASV_7231	0.0	0.0	0.0	10.7	7.7
ASV_7233	0.0	0.0	0.0	0.3	0.0
ASV_7234	0.0	0.0	0.7	0.0	0.0
ASV_7249	5.7	6.3	1.0	0.0	0.0
ASV_7251	0.0	0.0	0.0	0.3	0.0
ASV_7252	0.0	0.0	0.7	7.7	0.0
ASV_7265	0.0	0.0	0.0	0.0	0.7
ASV_7272	0.0	0.0	0.0	0.7	0.0
ASV_7274	0.0	0.0	0.0	0.0	1.0
ASV_7275	0.7	1.7	1.3	0.3	0.0
ASV_7276	0.0	0.0	0.7	0.0	0.0
ASV_7279	0.0	0.0	0.0	2.0	0.0
ASV_7287	0.0	0.0	0.0	1.3	0.0
ASV_7294	0.0	0.0	0.0	1.0	0.0
ASV_7326	0.0	0.0	0.0	1.3	0.0
ASV_7330	0.0	0.0	0.7	0.0	0.0
ASV_7348	0.0	0.0	0.0	0.7	0.0
ASV_7360	0.0	0.0	0.0	0.3	0.0
ASV_7365	0.0	0.0	0.7	0.0	0.0
ASV_7367	0.0	0.0	1.0	0.0	0.0
ASV_7377	0.0	0.0	0.7	0.0	0.0
ASV_7380	0.0	0.0	0.0	3.0	21.3
ASV_7381	0.0	0.0	0.0	0.0	0.7
ASV_7397	0.0	0.3	0.0	0.0	0.0
ASV_7401	0.7	0.0	0.0	0.0	0.0
ASV_7409	0.7	0.7	0.0	0.0	0.0
ASV_7419	0.0	0.0	0.0	0.3	0.0
ASV_7422	1.0	0.0	0.7	0.0	0.0
ASV_7424	0.0	0.7	0.0	0.0	0.0
ASV_7428	0.0	0.0	0.0	0.3	0.3
ASV_7429	0.0	0.0	0.0	0.0	0.3
ASV_7430	0.0	0.0	0.0	0.0	2.3
ASV_7442	8.0	21.3	0.0	0.0	0.0
ASV_7450	0.0	0.0	0.0	1.0	0.0
ASV_7460	10.0	9.0	0.0	0.0	0.0
ASV_7467	0.0	0.0	0.0	0.3	0.0
ASV_7476	0.3	0.0	0.0	0.0	0.0
ASV_7484	0.7	0.0	0.0	0.0	0.0
ASV_7485	1.3	0.0	0.0	0.0	0.0
ASV_7498	0.0	2.7	0.0	0.0	0.0
ASV_7531	0.0	0.0	0.0	0.0	1.0
ASV_7539	0.0	0.0	0.0	0.3	0.0
ASV_7541	0.0	0.0	0.0	0.3	0.0
ASV_7545	0.0	1.0	0.0	0.0	0.0
ASV_7551	0.0	0.0	7.7	3.3	0.0
ASV_7552	0.0	0.0	0.0	1.0	0.0
ASV_7556	0.0	0.0	6.3	0.7	0.0
ASV_7558	0.0	0.0	0.0	0.0	0.3
ASV_7564	1.3	0.3	0.7	0.0	0.0
ASV_7577	0.0	0.0	16.0	18.3	0.0
ASV_7579	0.0	0.0	0.3	34.7	0.0
ASV_7582	0.0	0.0	0.0	3.3	0.0
ASV_7592	0.0	0.0	0.0	0.0	0.3
ASV_7596	0.0	0.0	1.0	0.0	0.0
ASV_7601	0.0	0.0	0.0	0.0	0.7
ASV_7609	0.0	0.0	1.3	1.0	0.0
ASV_7612	0.0	0.0	0.0	0.7	0.0
ASV_7613	0.0	1.0	0.3	0.0	0.0
ASV_7614	0.3	0.0	0.0	0.0	0.0
ASV_7620	0.0	0.0	0.0	0.3	0.0
ASV_7623	0.0	0.0	0.0	0.7	0.0
ASV_7629	0.7	0.0	0.0	0.0	0.0
ASV_7633	0.0	0.0	0.0	0.0	0.3
ASV_7644	7.3	15.0	18.7	4.7	0.0
ASV_7655	0.0	0.0	1.3	0.0	0.0
ASV_7669	0.0	0.0	0.0	4.7	0.0
ASV_7676	1.0	0.0	0.0	0.0	0.0
ASV_7679	0.3	0.0	0.0	0.0	0.0
ASV_7681	0.0	0.0	0.0	0.7	0.0
ASV_7690	0.0	0.3	0.0	0.0	0.0
ASV_7691	0.0	0.0	0.3	0.0	0.0
ASV_7698	0.0	0.0	0.0	0.0	0.7
ASV_7723	2.0	0.0	0.0	0.0	0.0
ASV_7728	0.0	0.0	0.0	13.0	0.0
ASV_7733	0.7	0.0	0.0	0.0	0.0
ASV_7741	0.0	0.0	0.0	0.0	0.7
ASV_7744	0.0	1.7	0.0	0.0	0.0
ASV_7746	0.0	0.3	0.0	0.0	0.0
ASV_7748	0.0	3.0	7.3	0.3	0.0
ASV_7759	0.0	0.0	0.0	0.3	1.7
ASV_7760	0.0	0.0	0.3	0.0	0.0
ASV_7773	1.7	0.0	0.0	0.0	0.0
ASV_7784	0.0	3.0	3.3	0.3	0.0
ASV_7791	0.0	0.0	0.0	6.0	0.0
ASV_7807	0.0	0.0	0.0	1.0	0.0
ASV_7811	2.3	2.7	5.3	11.3	0.0
ASV_7823	0.0	0.0	0.3	0.3	0.0
ASV_7847	0.0	0.0	1.3	2.3	0.0
ASV_7854	0.0	0.7	0.0	0.0	0.0
ASV_7857	0.0	0.0	0.0	0.7	2.3
ASV_7867	34.7	54.3	52.7	19.7	0.0
ASV_7874	0.0	0.0	0.0	0.3	0.0
ASV_7888	1.0	0.0	0.0	0.0	0.0
ASV_7890	0.3	0.0	0.0	0.0	0.0
ASV_7898	0.0	0.0	0.0	0.7	0.0
ASV_7910	0.0	0.0	0.0	0.0	1.0
ASV_7927	0.0	0.0	0.0	0.0	1.3
ASV_7930	13.3	2.0	0.0	0.0	0.0
ASV_7936	0.0	0.0	0.0	0.3	0.0
ASV_7938	0.0	0.0	0.0	0.7	0.0
ASV_7948	1.0	0.0	0.0	0.0	0.0
ASV_7952	0.0	0.7	0.0	0.0	0.0
ASV_7961	0.3	2.7	0.0	0.0	0.0
ASV_7970	0.0	0.0	0.0	0.0	1.3
ASV_7981	0.0	0.0	0.0	0.3	119.7
ASV_8005	4.0	1.7	3.7	0.7	0.0
ASV_8011	0.0	0.3	0.0	0.0	0.0
ASV_8028	0.0	0.0	0.0	0.3	0.0
ASV_8040	0.3	0.0	0.0	0.0	0.0
ASV_8050	0.0	0.3	0.0	0.0	0.0
ASV_8052	0.0	0.3	0.0	0.0	0.0
ASV_8055	0.0	0.0	0.0	0.7	0.0
ASV_8060	0.0	0.0	0.0	0.0	2.7
ASV_8067	1.3	0.7	0.0	0.0	0.0
ASV_8075	0.0	0.3	0.0	0.0	0.0
ASV_8079	0.3	0.0	0.0	0.0	0.0
ASV_8081	0.0	0.0	0.0	0.0	2.0
ASV_8100	0.0	0.0	0.7	0.0	0.0
ASV_8102	0.0	0.0	0.0	0.3	0.0
ASV_8108	0.0	0.0	0.0	0.3	0.0
ASV_8113	0.0	0.0	0.0	0.0	0.3
ASV_8125	0.0	8.0	0.0	0.0	0.0
ASV_8127	0.0	0.0	2.0	3.0	0.0
ASV_8133	0.0	0.0	0.0	0.0	5.7
ASV_8134	0.0	0.0	0.7	0.0	0.0
ASV_8137	0.0	0.0	0.7	0.0	0.0
ASV_8144	0.7	1.0	0.0	0.0	0.0
ASV_8153	0.0	0.0	0.0	0.0	0.3
ASV_8159	0.0	0.0	0.0	0.3	0.0
ASV_8167	0.0	0.0	0.0	0.3	0.0
ASV_8174	0.0	0.0	0.0	0.0	26.3
ASV_8180	0.0	3.0	0.0	0.0	0.0
ASV_8189	0.0	0.0	0.0	0.7	0.0
ASV_8194	0.0	0.0	0.0	0.0	0.7
ASV_8198	0.0	0.0	0.0	2.3	0.0
ASV_8200	17.0	5.3	10.0	1.0	0.0
ASV_8201	0.0	0.0	0.0	0.3	0.0
ASV_8207	1.0	2.7	0.0	0.0	0.0
ASV_8214	0.0	0.0	0.0	2.3	0.0
ASV_8224	5.7	0.0	0.0	0.0	0.0
ASV_8233	0.0	0.0	0.3	0.0	0.0
ASV_8250	0.0	0.0	0.0	0.3	0.7
ASV_8264	0.0	0.0	0.0	0.0	24.0
ASV_8275	0.0	0.0	0.3	0.0	0.0
ASV_8289	0.0	0.0	0.0	0.3	0.0
ASV_8290	0.0	0.0	0.0	0.0	6.3
ASV_8292	0.3	0.0	0.0	0.0	0.0
ASV_8296	0.0	0.0	0.0	0.3	0.0
ASV_8300	1.0	0.3	0.0	0.0	0.0
ASV_8315	0.0	0.0	0.0	0.0	4.0
ASV_8329	0.0	0.0	0.0	0.0	0.3
ASV_8333	0.0	0.0	0.0	0.0	15.0
ASV_8338	0.0	0.0	0.0	0.0	0.3
ASV_8346	0.0	0.0	1.7	0.0	0.0
ASV_8369	0.0	0.0	0.0	0.0	28.3
ASV_8389	0.0	0.0	0.0	0.0	0.3
ASV_8391	0.0	0.0	0.0	1.0	0.0
ASV_8396	0.0	0.0	0.0	0.0	1.7
ASV_8403	0.0	0.0	0.0	0.3	0.0
ASV_8425	0.0	0.0	0.0	0.3	0.0
ASV_8434	7.3	41.0	2.3	0.0	0.0
ASV_8436	0.0	0.0	0.0	0.0	0.3
ASV_8444	1.7	0.0	0.0	0.0	0.0
ASV_8454	8.7	7.7	0.0	0.0	0.0
ASV_8457	0.0	0.0	1.0	0.0	0.0
ASV_8459	0.0	0.0	0.0	0.0	0.3
ASV_8461	0.0	1.3	5.3	4.0	0.0
ASV_8463	0.0	0.0	2.3	4.0	0.0
ASV_8464	0.0	9.3	0.0	0.0	0.0
ASV_8473	0.0	0.0	0.0	2.0	0.0
ASV_8483	0.0	0.3	0.0	0.0	0.0
ASV_8485	3.0	0.0	0.0	0.0	0.0
ASV_8486	0.0	1.3	1.3	0.0	0.0
ASV_8492	0.0	0.7	0.0	0.0	0.0
ASV_8493	0.0	0.0	0.3	0.0	0.0
ASV_8508	0.0	0.0	0.0	2.0	0.0
ASV_8511	1.0	1.0	0.0	0.0	0.0
ASV_8512	0.0	0.7	0.0	0.0	0.0
ASV_8523	0.0	0.0	0.0	1.0	0.0
ASV_8525	0.0	0.0	0.0	0.0	1.3
ASV_8526	0.0	0.0	0.0	0.0	0.3
ASV_8531	0.0	0.0	0.0	0.3	0.3
ASV_8534	0.0	0.0	0.0	0.3	0.0
ASV_8540	0.0	0.0	0.0	0.0	1.0
ASV_8549	3.0	1.3	0.3	0.0	0.0
ASV_8551	0.0	0.0	0.0	13.7	34.7
ASV_8559	0.0	1.3	0.0	0.0	0.0
ASV_8562	0.3	0.3	0.0	0.0	0.0
ASV_8568	5.3	0.0	0.0	0.0	0.0
ASV_8569	0.0	0.0	0.0	0.0	1.7
ASV_8580	0.0	0.0	0.0	0.0	0.3
ASV_8587	0.0	0.0	0.0	0.3	0.0
ASV_8589	0.0	0.7	0.0	0.0	0.0
ASV_8601	0.0	0.0	0.0	0.0	0.7
ASV_8602	2.3	0.0	0.0	0.0	0.0
ASV_8604	0.0	0.0	0.0	0.7	0.0
ASV_8606	0.0	0.0	0.0	0.0	4.0
ASV_8608	0.0	0.0	1.0	0.0	0.0
ASV_8616	0.0	0.0	1.0	0.3	0.0
ASV_8623	0.0	0.0	0.0	0.3	0.0
ASV_8642	0.0	0.0	0.3	0.0	0.0
ASV_8653	0.0	0.0	0.7	0.0	0.0
ASV_8661	0.0	0.0	0.0	0.7	0.0
ASV_8670	68.0	22.0	9.0	2.7	0.0
ASV_8683	0.0	0.0	0.0	0.3	0.0
ASV_8685	0.0	0.0	0.0	0.0	0.7
ASV_8693	0.0	0.0	1.3	5.3	0.0
ASV_8698	0.0	0.0	1.0	0.0	0.0
ASV_8700	0.0	0.0	0.0	1.3	0.0
ASV_8724	0.3	0.0	0.0	0.0	0.0
ASV_8725	1.0	0.0	0.0	0.0	0.0
ASV_8741	0.0	0.0	0.0	0.7	0.0
ASV_8743	2.3	0.3	0.0	0.0	0.0
ASV_8744	0.0	0.0	0.0	0.7	0.0
ASV_8766	0.0	0.0	0.0	0.0	0.3
ASV_8770	0.0	0.7	0.0	0.0	0.0
ASV_8805	0.0	0.0	4.7	2.3	0.0
ASV_8814	0.0	0.0	0.0	0.3	0.0
ASV_8828	0.0	0.0	1.0	10.7	0.0
ASV_8829	0.0	0.0	1.0	0.0	0.0
ASV_8831	0.0	0.0	0.7	0.0	0.0
ASV_8834	0.7	0.7	0.3	0.0	0.0
ASV_8835	0.0	0.0	0.0	0.7	0.0
ASV_8843	0.0	0.0	0.0	0.0	1.0
ASV_8856	0.0	0.3	0.0	0.0	0.0
ASV_8879	0.0	0.0	0.0	0.0	23.7
ASV_8881	0.0	0.0	0.0	0.0	18.0
ASV_8889	0.0	0.3	0.0	0.0	0.0
ASV_8894	0.0	2.0	2.3	1.7	0.0
ASV_8896	0.0	0.3	0.0	0.0	0.0
ASV_8900	0.0	0.0	0.0	0.0	1.7
ASV_8904	0.0	0.0	0.0	2.0	0.0
ASV_8908	0.0	0.0	0.0	0.7	0.0
ASV_8914	0.0	0.0	0.0	0.0	1.3
ASV_8915	0.0	0.0	0.0	0.3	0.0
ASV_8918	2.0	0.3	1.0	0.0	0.0
ASV_8922	0.0	0.7	0.0	0.0	0.0
ASV_8925	0.0	0.0	0.0	1.0	0.0
ASV_8926	0.0	0.0	0.0	0.3	2.3
ASV_8930	0.0	0.0	0.0	0.0	1.0
ASV_8948	1.0	0.7	0.0	0.0	0.0
ASV_8957	0.0	0.0	0.3	1.7	0.0
ASV_8965	0.0	0.0	1.3	1.3	0.0
ASV_8974	0.0	0.0	0.0	0.3	0.0
ASV_8977	0.7	2.3	0.0	0.0	0.0
ASV_8983	0.0	0.0	0.0	0.7	0.0
ASV_8989	0.3	0.0	0.0	0.0	0.0
ASV_8992	0.3	0.0	0.0	0.0	0.0
ASV_9013	0.7	0.0	0.0	0.0	0.0
ASV_9015	0.0	0.0	0.0	3.3	0.0
ASV_9020	5.0	11.3	20.0	0.3	0.0
ASV_9022	0.0	0.0	0.0	17.7	0.0
ASV_9025	0.0	0.0	0.0	1.0	0.0
ASV_9027	0.0	0.0	0.0	0.0	4.3
ASV_9028	0.0	0.3	0.0	0.0	0.0
ASV_9033	0.0	0.0	0.0	0.0	1.0
ASV_9039	0.0	0.0	0.0	0.0	0.7
ASV_9048	1.3	0.3	0.0	0.0	0.0
ASV_9055	0.0	0.0	0.0	0.0	0.3
ASV_9056	0.0	0.0	0.0	0.0	4.3
ASV_9061	0.0	1.7	10.3	1.7	0.0
ASV_9076	3.0	0.7	0.0	0.0	0.0
ASV_9077	0.0	0.7	0.0	0.0	0.0
ASV_9083	0.0	0.3	0.0	0.0	0.0
ASV_9087	0.0	2.3	0.0	0.7	0.0
ASV_9089	0.0	0.0	0.0	11.7	0.0
ASV_9091	0.0	0.0	0.0	0.3	0.0
ASV_9098	0.0	0.0	0.0	0.3	1.0
ASV_9100	0.0	0.7	0.0	0.0	0.0
ASV_9113	0.0	0.0	0.0	0.3	0.0
ASV_9114	0.0	0.0	0.0	0.0	0.3
ASV_9143	0.3	0.0	0.0	0.0	0.0
ASV_9160	0.0	0.0	0.7	1.7	0.0
ASV_9166	0.0	0.0	0.0	0.0	0.7
ASV_9177	0.3	1.7	0.0	0.0	0.0
ASV_9200	0.7	0.0	0.0	0.0	0.0
ASV_9205	0.0	3.3	2.0	0.0	0.0
ASV_9214	0.0	0.0	0.0	0.0	2.3
ASV_9227	0.0	0.3	0.0	0.0	0.0
ASV_9234	0.0	0.0	0.0	0.0	1.0
ASV_9236	0.0	0.0	0.0	0.0	0.3
ASV_9248	0.0	0.0	17.0	19.0	0.0
ASV_9277	0.0	10.0	0.0	0.0	0.0
ASV_9282	0.0	0.0	0.0	6.0	0.0
ASV_9283	0.0	0.7	0.0	0.0	0.0
ASV_9290	0.0	0.0	0.0	0.0	0.7
ASV_9298	0.0	0.0	0.0	0.3	0.0
ASV_9311	0.0	2.7	0.0	0.0	0.0
ASV_9312	0.0	0.0	0.0	1.7	0.0
ASV_9319	0.0	0.0	0.0	0.0	0.3
ASV_9324	0.0	0.0	2.3	0.0	0.0
ASV_9332	0.7	0.0	0.0	0.0	0.0
ASV_9341	0.3	0.7	0.0	0.0	0.0
ASV_9348	0.3	0.0	0.0	0.0	0.0
ASV_9354	0.0	0.0	0.0	0.7	0.0
ASV_9355	0.0	0.0	0.0	0.3	0.0
ASV_9361	0.0	0.0	0.0	0.0	0.7
ASV_9369	0.0	0.0	0.0	0.3	0.0
ASV_9378	0.0	1.0	0.7	0.0	0.0
ASV_9393	0.0	0.0	0.0	0.3	0.0
ASV_9396	0.0	0.0	0.0	1.0	0.0
ASV_9410	0.0	0.0	0.0	0.0	0.3
ASV_9411	0.0	0.0	0.3	0.0	0.0
ASV_9419	0.0	0.7	0.0	0.0	0.0
ASV_9420	0.0	0.7	0.0	0.0	0.0
ASV_9426	0.0	0.0	0.0	0.0	0.3
ASV_9442	0.0	0.0	0.0	0.0	1.0
ASV_9443	65.7	47.0	2.7	0.0	0.0
ASV_9466	0.0	0.0	0.0	1.3	0.0
ASV_9467	0.0	0.0	0.0	0.3	0.3
ASV_9468	0.0	0.0	0.0	4.0	0.0
ASV_9469	1.0	0.0	0.0	0.0	0.0
ASV_9471	0.0	0.0	0.0	0.0	0.7
ASV_9473	0.0	0.3	0.0	0.0	0.0
ASV_9476	0.0	0.0	0.0	1.0	0.0
ASV_9485	0.0	2.3	0.0	0.0	0.0
ASV_9487	0.0	0.0	0.0	1.3	0.0
ASV_9488	0.0	0.0	0.0	0.3	0.0
ASV_9494	0.0	2.3	2.7	0.0	0.0
ASV_9516	0.0	0.0	0.0	7.0	0.0
ASV_9518	0.0	0.0	0.0	0.7	0.0
ASV_9519	0.0	0.7	0.0	0.0	0.0
ASV_9520	0.0	0.0	0.0	0.7	0.0
ASV_9522	0.0	0.0	0.0	2.7	33.7
ASV_9523	0.0	0.0	0.0	0.0	2.3
ASV_9526	0.0	0.0	0.0	4.7	0.0
ASV_9532	0.0	0.0	0.0	0.0	2.7
ASV_9547	5.3	1.3	0.0	0.0	0.0
ASV_9554	0.0	0.0	0.7	0.0	0.0
ASV_9557	1.0	0.0	0.7	0.0	0.0
ASV_9560	0.0	0.0	0.0	4.0	0.0
ASV_9564	0.0	0.0	0.0	0.0	20.3
ASV_9568	0.0	0.0	0.0	0.7	0.0
ASV_9575	2.0	2.3	1.3	0.0	0.0
ASV_9597	0.0	0.0	0.0	0.0	38.3
ASV_9607	0.0	0.0	0.0	0.0	3.3
ASV_9608	0.0	0.3	0.7	0.0	0.0
ASV_9612	1.7	0.0	0.0	0.0	0.0
ASV_9613	0.0	0.3	0.0	0.0	0.0
ASV_9616	0.0	0.0	0.7	0.0	0.0
ASV_9618	0.0	0.0	0.0	13.7	0.0
ASV_9621	0.0	0.0	0.0	1.0	0.0
ASV_9624	3.7	1.0	0.0	0.0	0.0
ASV_9626	0.0	0.0	0.0	0.0	0.7
ASV_9637	0.0	0.0	0.0	0.3	0.0
ASV_9638	0.0	0.0	0.3	0.0	0.0
ASV_9658	0.3	0.0	0.0	0.0	0.0
ASV_9659	0.0	0.3	0.0	0.0	0.0
ASV_9666	0.3	0.7	0.3	0.3	0.0
ASV_9669	7.3	8.0	6.7	2.3	0.0
ASV_9680	202.7	63.3	23.7	6.3	0.0
ASV_9684	0.0	0.3	0.0	0.0	0.0
ASV_9700	1.0	6.0	0.0	0.0	0.0
ASV_9717	0.0	0.0	0.0	0.0	2.3
ASV_9718	0.0	0.3	0.0	0.0	0.0
ASV_9728	0.0	0.0	0.0	0.0	0.7
ASV_9730	0.0	0.0	0.0	0.7	0.3
ASV_9738	0.0	0.0	1.0	0.0	0.0
ASV_9745	0.0	0.0	0.0	0.0	1.0
ASV_9756	6.3	2.3	0.0	0.0	0.0
ASV_9758	0.0	0.3	0.0	0.0	0.0
ASV_9767	0.0	0.3	0.0	0.0	0.0
ASV_9772	0.0	0.0	0.0	1.7	0.0
ASV_9776	0.0	0.0	0.0	0.0	0.7
ASV_9781	0.7	1.3	0.0	0.0	0.0
ASV_9785	0.0	0.3	0.0	0.0	0.0
ASV_9790	0.0	0.0	0.3	0.0	0.0
ASV_9805	0.0	0.0	0.0	5.3	0.0
ASV_9815	1.0	3.3	0.0	0.0	0.0
ASV_9816	0.0	0.0	0.3	0.0	0.0
ASV_9819	0.0	0.0	0.0	0.3	0.0
ASV_9822	0.0	0.0	1.3	0.0	0.0
ASV_9823	13.7	5.7	1.7	0.0	0.0
ASV_9831	0.0	0.0	0.0	0.3	0.0
ASV_9843	0.0	0.0	0.0	0.3	0.0
ASV_9844	0.0	0.0	0.0	0.0	0.3
ASV_9853	0.7	0.0	0.0	0.0	0.0
ASV_9854	0.0	0.0	0.7	0.0	0.0
ASV_9858	0.0	0.0	0.0	0.0	13.0
ASV_9864	0.0	0.0	0.0	0.0	0.3
ASV_9875	0.0	0.0	0.0	0.7	0.0
ASV_9878	0.0	0.0	1.3	0.0	0.0
ASV_9881	0.0	0.0	0.0	0.3	0.0
ASV_9883	0.0	0.0	0.0	6.7	0.0
ASV_9887	0.0	0.0	0.0	1.7	1.0
ASV_9897	0.0	0.0	0.7	0.0	0.0
ASV_9898	0.3	1.0	0.0	0.0	0.0
ASV_9900	0.0	0.0	0.0	0.0	0.3
ASV_9905	0.0	0.0	0.0	0.0	0.3
ASV_9907	1.7	6.7	5.3	0.0	0.0
ASV_9909	0.0	0.0	0.0	0.3	0.0
ASV_9929	0.0	0.0	0.0	1.7	0.0
ASV_9931	2.7	1.3	0.0	0.0	0.0
ASV_9936	0.7	0.0	0.0	0.0	0.0
ASV_9938	0.0	0.3	0.0	0.0	0.0
ASV_9947	0.0	0.0	0.0	0.0	1.0
ASV_9951	0.0	0.0	0.0	0.0	9.7
ASV_9953	0.0	0.0	0.0	0.0	0.7
ASV_9963	0.0	0.0	0.0	0.3	0.0
ASV_9969	0.0	0.0	0.0	0.0	1.0
ASV_9982	0.0	0.0	0.0	1.7	0.0
ASV_9984	0.0	9.7	0.0	0.0	0.0
ASV_9990	0.0	0.0	0.3	0.0	0.0
ASV_9992	0.0	0.0	0.0	1.0	0.0
ASV_10005	0.0	0.0	0.0	6.3	0.0
ASV_10012	0.0	0.0	0.0	0.3	0.0
ASV_10025	5.0	1.3	0.7	0.3	0.0
ASV_10028	0.0	0.0	1.7	1.0	0.0
ASV_10037	0.0	0.0	0.0	1.0	0.0
ASV_10050	0.0	0.0	0.7	7.0	0.0
ASV_10054	4.7	0.0	0.0	0.0	0.0
ASV_10055	0.0	0.0	0.0	0.0	4.7
ASV_10068	0.0	0.0	0.0	0.7	0.0
ASV_10074	0.0	0.0	0.0	0.0	0.3
ASV_10081	0.0	0.0	0.0	0.0	0.7
ASV_10096	0.0	7.7	454.3	158.7	0.0
ASV_10112	1.0	0.0	0.3	0.0	0.0
ASV_10113	0.3	4.0	0.0	0.0	0.0
ASV_10118	1.3	0.0	0.0	0.0	0.0
ASV_10125	0.0	1.0	0.0	0.0	0.0
ASV_10138	1.0	0.0	0.0	0.0	0.0
ASV_10140	3.3	5.3	4.0	0.3	0.0
ASV_10148	0.0	0.0	0.0	1.0	0.0
ASV_10159	0.0	0.0	0.7	0.0	0.0
ASV_10161	0.0	0.0	0.3	0.0	0.0
ASV_10174	0.0	0.0	0.0	0.3	0.0
ASV_10189	0.0	0.0	0.0	0.0	0.7
ASV_10190	0.0	0.0	0.0	0.0	0.3
ASV_10213	0.0	0.0	0.0	0.7	0.0
ASV_10217	0.0	0.0	0.7	0.3	0.0
ASV_10219	0.0	1.3	0.0	0.0	0.0
ASV_10223	0.0	0.0	0.3	0.0	0.0
ASV_10224	0.0	0.0	0.7	0.0	0.0
ASV_10228	0.3	0.0	0.0	0.0	0.0
ASV_10240	0.0	0.0	0.0	0.3	0.0
ASV_10265	2.3	4.7	2.0	0.0	0.0
ASV_10270	0.0	0.0	0.0	1.0	0.0
ASV_10278	1.7	1.7	0.3	0.3	0.0
ASV_10279	0.0	0.0	0.0	0.7	0.0
ASV_10281	3.3	16.7	5.7	1.7	0.0
ASV_10286	0.0	0.0	0.3	0.0	0.0
ASV_10287	0.0	4.3	0.0	0.0	0.0
ASV_10300	4.3	4.0	0.0	0.0	0.0
ASV_10303	0.0	0.0	0.0	4.0	0.0
ASV_10307	0.0	0.3	0.0	0.0	0.0
ASV_10308	0.0	0.0	0.0	0.3	0.0
ASV_10312	0.0	0.0	0.3	0.0	0.0
ASV_10317	0.0	0.3	0.0	0.0	0.0
ASV_10326	0.0	4.7	0.0	0.0	0.0
ASV_10344	0.0	0.0	0.0	1.7	0.0
ASV_10347	0.0	0.0	0.0	0.3	0.0
ASV_10368	0.0	0.0	0.0	2.3	0.0
ASV_10381	0.0	0.3	0.0	0.0	0.0
ASV_10398	1.0	0.7	0.0	0.0	0.0
ASV_10400	7.3	6.0	0.0	0.0	0.0
ASV_10412	0.0	0.0	0.0	0.3	0.0
ASV_10423	0.0	0.3	0.0	0.0	0.0
ASV_10424	0.0	0.0	0.3	0.0	0.0
ASV_10431	20.7	4.3	0.3	0.0	0.0
ASV_10436	0.0	1.0	15.0	2.3	0.0
ASV_10448	0.0	0.0	0.0	0.0	0.3
ASV_10459	0.0	0.3	0.0	0.0	0.0
ASV_10460	0.0	0.0	1.0	0.0	0.0
ASV_10463	0.3	1.0	0.0	0.0	0.0
ASV_10466	0.3	1.7	0.0	0.0	0.0
ASV_10469	0.0	0.0	0.0	0.0	11.3
ASV_10486	0.0	1.3	0.0	0.0	0.0
ASV_10488	6.3	9.7	4.0	0.3	0.0
ASV_10491	3.3	1.7	3.0	0.0	0.0
ASV_10503	0.0	0.3	0.0	0.0	0.0
ASV_10512	0.0	0.0	0.0	0.3	0.3
ASV_10514	0.0	0.0	0.0	0.7	0.3
ASV_10517	0.0	0.0	0.0	0.3	0.0
ASV_10527	1.0	0.7	4.3	0.0	0.0
ASV_10530	0.0	4.0	0.0	0.0	0.0
ASV_10537	0.0	0.0	0.0	0.7	0.0
ASV_10539	0.0	0.0	0.0	0.3	0.0
ASV_10541	1.0	0.0	0.0	0.0	0.0
ASV_10557	19.0	24.0	2.7	0.0	0.0
ASV_10572	0.0	0.0	3.7	0.0	17.3
ASV_10573	0.0	0.0	0.0	0.7	0.0
ASV_10574	1.0	0.0	0.0	0.0	0.0
ASV_10580	0.0	0.0	0.0	1.0	0.0
ASV_10581	0.0	0.3	0.0	0.0	0.0
ASV_10585	0.0	0.0	0.0	0.0	0.3
ASV_10591	0.0	0.0	0.0	1.0	0.0
ASV_10592	0.0	0.0	0.0	3.0	0.0
ASV_10593	0.0	0.0	0.0	0.7	0.0
ASV_10600	13.3	0.0	0.0	0.0	0.0
ASV_10621	0.0	0.0	0.0	0.7	0.0
ASV_10622	0.0	0.0	0.0	0.3	0.0
ASV_10627	0.0	0.0	1.3	2.0	0.0
ASV_10640	0.0	0.0	3.0	6.7	0.0
ASV_10646	0.0	0.7	0.0	0.0	0.0
ASV_10647	0.0	0.0	0.0	0.7	0.0
ASV_10649	0.0	0.0	0.0	0.0	4.0
ASV_10652	0.0	0.0	0.0	0.3	0.0
ASV_10656	0.0	0.3	0.0	0.0	0.0
ASV_10657	0.0	0.0	0.0	0.3	0.0
ASV_10666	0.0	0.0	0.3	0.0	0.0
ASV_10674	0.3	1.0	0.0	0.0	0.0
ASV_10682	0.0	0.0	4.7	23.0	0.3
ASV_10684	0.0	0.0	0.0	0.3	0.0
ASV_10686	0.3	0.0	0.0	0.0	0.0
ASV_10698	0.0	0.0	0.0	0.0	1.3
ASV_10710	0.0	0.0	0.0	0.3	0.0
ASV_10711	0.0	0.0	0.0	1.3	0.0
ASV_10713	6.0	0.0	0.0	0.0	0.0
ASV_10717	0.0	0.0	0.0	1.0	2.7
ASV_10721	0.0	0.0	0.0	0.0	0.7
ASV_10723	22.7	20.3	5.3	2.7	0.0
ASV_10731	0.0	0.0	0.0	2.0	3.7
ASV_10757	2.7	0.7	0.0	0.0	0.0
ASV_10770	0.0	0.0	0.0	2.0	0.0
ASV_10771	0.0	0.0	0.0	0.0	0.3
ASV_10790	0.0	0.0	0.0	0.7	0.0
ASV_10792	0.0	4.3	0.0	0.0	0.0
ASV_10798	1.0	14.3	0.7	0.0	0.0
ASV_10800	0.0	0.0	0.0	0.0	0.3
ASV_10808	0.0	0.0	0.0	0.3	0.0
ASV_10821	0.0	0.7	0.0	0.0	0.0
ASV_10839	0.0	0.0	0.0	1.0	8.0
ASV_10850	9.0	4.3	3.3	0.0	0.0
ASV_10856	5.0	0.0	0.0	0.0	0.0
ASV_10877	0.0	3.3	8.3	1.0	0.0
ASV_10878	0.3	0.0	0.0	0.0	0.0
ASV_10879	0.0	0.3	0.0	0.0	0.0
ASV_10882	0.0	0.0	0.0	1.0	0.0
ASV_10893	0.7	2.3	3.3	1.3	0.0
ASV_10909	0.0	0.0	0.0	0.7	0.0
ASV_10915	0.0	0.0	0.0	1.7	0.0
ASV_10922	0.0	0.0	0.0	0.7	0.0
ASV_10950	0.0	0.0	3.7	3.0	0.0
ASV_10961	0.0	1.0	0.0	0.0	0.0
ASV_10968	0.0	0.0	0.0	0.3	0.0
ASV_10973	3.3	4.3	1.3	0.0	0.0
ASV_10982	0.0	0.0	0.0	11.3	0.0
ASV_10997	16.7	9.3	5.0	0.0	0.0
ASV_11006	5.3	8.0	0.3	0.0	0.0
ASV_11010	0.0	0.0	0.0	0.3	0.0
ASV_11021	0.0	0.7	15.0	5.3	0.0
ASV_11027	1.0	1.3	0.0	0.7	0.0
ASV_11030	0.0	0.0	0.0	0.0	11.0
ASV_11048	0.0	2.0	0.0	0.0	0.0
ASV_11056	0.0	0.3	0.0	0.0	0.0
ASV_11061	1.7	0.0	0.0	0.0	0.0
ASV_11065	0.0	0.0	0.0	0.7	0.0
ASV_11075	0.0	0.0	5.3	3.0	0.0
ASV_11092	0.0	0.0	0.0	0.0	0.3
ASV_11106	0.0	0.0	0.0	0.0	0.7
ASV_11114	0.0	0.0	0.3	0.3	0.0
ASV_11123	0.0	0.0	0.3	0.0	0.0
ASV_11124	0.0	0.0	0.0	0.0	0.3
ASV_11133	0.0	3.0	3.3	0.0	0.0
ASV_11139	0.0	0.0	0.0	0.0	0.3
ASV_11142	165.3	426.0	472.7	71.0	0.0
ASV_11149	0.0	0.0	37.0	501.3	0.0
ASV_11150	1.0	0.0	0.0	0.0	0.0
ASV_11186	0.7	0.0	0.0	0.0	0.0
ASV_11190	6.0	4.7	1.3	0.0	0.0
ASV_11197	0.0	0.0	0.0	0.0	1.0
ASV_11210	0.3	5.3	0.0	0.0	0.0
ASV_11222	0.0	0.7	0.0	0.0	0.0
ASV_11229	0.0	0.0	3.0	0.0	0.0
ASV_11232	0.0	0.0	0.0	0.0	2.0
ASV_11238	5.7	0.7	0.0	0.0	0.0
ASV_11239	0.0	0.0	0.0	0.0	0.7
ASV_11250	17.0	15.0	26.0	5.0	0.0
ASV_11255	10.0	2.3	5.0	2.0	0.0
ASV_11258	0.0	2.7	2.0	0.3	0.0
ASV_11262	0.0	0.0	0.0	0.3	0.0
ASV_11263	0.0	0.0	0.0	0.3	1.7
ASV_11264	0.0	0.7	0.0	0.0	0.0
ASV_11298	0.0	0.0	0.0	0.0	11.0
ASV_11302	0.0	0.0	0.7	0.0	0.0
ASV_11308	0.3	0.0	0.0	0.0	0.0
ASV_11318	0.0	0.0	0.0	2.0	0.0
ASV_11321	0.3	0.0	0.0	0.0	0.0
ASV_11325	0.0	0.0	0.0	0.3	0.0
ASV_11326	0.0	1.3	0.0	0.0	0.0
ASV_11327	0.0	0.0	0.0	1.0	0.0
ASV_11330	34.7	10.7	17.0	5.0	0.0
ASV_11333	5.7	2.3	1.0	0.0	0.0
ASV_11340	0.0	0.0	0.0	0.3	0.0
ASV_11348	0.0	0.0	0.7	0.0	0.0
ASV_11368	0.0	0.0	0.0	0.7	0.0
ASV_11372	0.0	0.0	0.0	0.0	0.3
ASV_11376	0.0	0.0	0.0	0.0	0.3
ASV_11377	0.0	0.0	0.0	1.0	0.0
ASV_11388	0.0	0.0	0.0	4.3	0.0
ASV_11395	2.3	7.0	0.0	0.0	0.0
ASV_11398	0.0	0.3	1.7	0.0	0.0
ASV_11405	0.0	0.0	0.3	0.3	0.0
ASV_11421	0.0	0.3	0.0	0.0	0.0
ASV_11423	0.0	0.0	0.0	2.3	0.0
ASV_11424	0.0	0.0	1.0	0.0	0.0
ASV_11426	0.0	0.0	6.3	1.0	0.0
ASV_11447	0.0	3.0	1.3	0.3	0.0
ASV_11453	0.0	0.0	0.0	0.3	0.0
ASV_11460	0.0	0.0	0.0	0.3	0.0
ASV_11465	0.3	0.0	0.0	0.0	0.0
ASV_11489	0.0	0.0	0.0	0.3	0.0
ASV_11496	0.0	3.7	0.0	0.0	0.0
ASV_11505	0.3	1.7	2.3	0.0	0.0
ASV_11510	0.0	0.0	0.0	0.7	0.0
ASV_11513	0.0	0.0	0.3	0.0	0.0
ASV_11515	0.0	0.0	0.0	0.3	0.0
ASV_11525	0.0	0.0	0.0	1.3	0.0
ASV_11530	0.0	0.0	0.0	0.0	0.3
ASV_11539	0.0	0.0	0.0	0.0	5.0
ASV_11572	0.0	0.0	0.0	0.0	0.3
ASV_11575	0.0	0.0	0.0	0.0	7.7
ASV_11578	0.0	0.3	0.0	0.0	0.0
ASV_11599	0.0	0.0	2.3	0.7	0.0
ASV_11601	0.0	0.0	0.0	0.3	0.0
ASV_11617	0.0	0.0	0.0	0.7	0.0
ASV_11623	0.0	0.0	0.0	2.3	0.0
ASV_11628	2.7	6.0	0.3	1.0	0.0
ASV_11629	2.0	1.3	0.3	0.3	0.0
ASV_11631	1.7	0.0	0.0	0.0	0.0
ASV_11632	0.0	0.0	0.0	0.0	30.0
ASV_11646	10.3	12.3	0.0	0.0	0.0
ASV_11647	0.0	0.0	1.0	0.0	0.0
ASV_11653	0.0	0.0	0.0	0.3	0.0
ASV_11661	0.0	0.0	0.0	1.3	481.3
ASV_11662	0.0	0.0	0.0	0.0	0.3
ASV_11672	0.0	0.0	0.0	0.7	0.0
ASV_11677	0.0	0.7	0.3	0.0	0.0
ASV_11680	0.0	0.0	0.0	2.0	2.7
ASV_11684	4.0	0.0	0.0	0.0	0.0
ASV_11699	0.0	0.0	0.0	1.0	0.0
ASV_11711	2.7	4.3	0.0	0.0	0.0
ASV_11713	0.0	0.0	0.0	0.0	0.7
ASV_11716	0.0	0.0	2.0	9.0	0.0
ASV_11723	0.0	2.3	0.0	0.0	0.0
ASV_11730	0.0	0.0	0.0	0.0	10.7
ASV_11734	0.0	0.0	0.0	0.0	2.3
ASV_11735	0.0	0.0	0.0	0.0	5.0
ASV_11742	0.0	0.0	2.0	8.7	0.0
ASV_11744	0.0	0.0	0.0	0.0	60.7
ASV_11759	0.0	0.0	3.3	0.3	0.0
ASV_11781	0.0	0.0	0.0	1.7	0.0
ASV_11782	0.0	0.0	0.0	5.0	0.0
ASV_11806	0.0	1.3	0.0	0.0	0.0
ASV_11811	0.0	1.0	0.0	0.0	0.0
ASV_11823	0.0	0.0	0.0	0.3	0.0
ASV_11827	0.0	0.0	0.0	0.0	18.7
ASV_11832	0.0	0.0	0.7	0.7	0.0
ASV_11836	0.0	1.7	0.0	0.0	0.0
ASV_11840	0.0	0.0	0.0	1.0	0.0
ASV_11846	0.0	0.0	0.3	0.7	0.3
ASV_11847	0.0	0.0	0.0	0.3	0.0
ASV_11856	3.0	0.0	3.0	0.0	0.0
ASV_11859	0.0	0.0	0.0	0.0	2.7
ASV_11861	0.0	0.0	0.0	0.0	1.3
ASV_11877	0.0	0.0	0.0	0.3	0.0
ASV_11881	0.0	0.0	0.0	1.7	0.0
ASV_11882	7.7	4.7	3.0	1.0	0.0
ASV_11886	0.0	0.0	0.0	0.0	3.0
ASV_11897	0.0	0.0	0.0	0.0	1.0
ASV_11901	0.0	0.0	0.0	4.0	0.0
ASV_11906	1.0	0.0	0.0	0.0	0.0
ASV_11908	0.7	0.0	0.0	0.0	0.0
ASV_11918	0.0	0.0	0.0	0.0	4.3
ASV_11926	0.0	0.3	0.0	0.0	0.0
ASV_11931	0.0	0.0	0.0	2.3	1.3
ASV_11934	7.3	8.0	5.3	1.7	0.0
ASV_11935	0.0	0.0	0.0	0.3	0.0
ASV_11938	0.0	19.7	0.0	0.0	0.0
ASV_11939	0.0	0.0	0.0	0.0	0.7
ASV_11942	0.0	0.0	1.0	0.0	0.0
ASV_11950	0.3	0.0	0.0	0.0	0.0
ASV_11959	0.0	0.0	0.0	3.0	0.0
ASV_11967	0.0	0.0	0.0	0.0	0.3
ASV_11981	0.0	0.0	0.0	3.0	0.0
ASV_11983	1.0	3.3	0.3	0.3	0.0
ASV_11984	0.0	0.0	0.0	31.7	0.0
ASV_11991	0.0	0.7	0.0	0.0	0.0
ASV_12003	0.0	0.0	0.0	0.0	0.3
ASV_12005	0.0	0.0	0.0	0.0	0.3
ASV_12006	1.7	0.0	0.0	0.0	0.0
ASV_12012	0.0	0.0	0.0	1.3	0.0
ASV_12014	0.0	0.0	0.0	0.0	0.3
ASV_12027	0.0	0.0	0.3	0.3	0.0
ASV_12036	5.7	21.3	0.0	0.0	0.0
ASV_12037	0.0	0.0	0.0	0.0	3.3
ASV_12048	0.0	0.0	0.3	0.0	0.0
ASV_12050	0.0	0.0	0.0	0.3	0.0
ASV_12062	10.0	1.7	0.0	0.0	0.0
ASV_12085	0.0	0.0	0.7	2.7	0.0
ASV_12094	0.0	0.0	0.0	3.3	0.0
ASV_12095	1.0	0.7	0.0	0.0	0.0
ASV_12097	0.0	0.0	0.0	0.3	0.0
ASV_12100	0.7	0.0	0.0	0.0	0.0
ASV_12121	0.0	0.0	0.0	0.0	0.3
ASV_12122	0.0	1.3	0.0	0.0	0.0
ASV_12132	0.0	0.0	0.0	0.0	0.3
ASV_12136	1.7	4.7	4.3	1.3	0.0
ASV_12142	0.0	0.0	0.0	0.0	2.7
ASV_12144	0.0	3.0	1.7	0.0	0.0
ASV_12147	4.0	2.3	0.0	0.0	0.0
ASV_12150	0.0	0.0	5.0	0.0	0.0
ASV_12155	0.0	0.0	0.0	0.0	0.3
ASV_12162	0.3	0.0	0.0	0.0	0.0
ASV_12166	0.0	0.0	0.0	1.0	68.7
ASV_12173	4.7	1.3	0.0	0.0	0.0
ASV_12174	0.0	0.3	0.0	0.0	0.0
ASV_12189	0.0	0.7	0.3	0.0	0.0
ASV_12190	0.0	0.0	0.0	0.0	0.3
ASV_12196	0.0	0.7	0.0	0.0	0.0
ASV_12197	47.3	13.7	8.7	2.0	0.0
ASV_12211	0.0	0.0	0.0	0.3	0.0
ASV_12212	0.0	0.0	3.3	0.0	0.0
ASV_12214	0.3	0.0	0.0	0.0	0.0
ASV_12215	0.0	0.0	0.3	4.3	0.0
ASV_12224	0.3	0.0	0.0	0.0	0.0
ASV_12229	0.0	0.0	0.0	1.3	0.0
ASV_12230	0.0	0.0	0.0	0.0	0.7
ASV_12234	0.0	0.0	0.0	9.7	0.0
ASV_12239	3.3	3.3	0.0	0.0	0.0
ASV_12247	0.0	0.7	0.0	0.0	0.0
ASV_12248	0.0	3.3	0.0	0.0	0.0
ASV_12253	0.0	0.0	0.0	1.3	0.0
ASV_12273	3.7	9.0	2.3	0.0	0.0
ASV_12283	0.0	0.0	0.3	5.0	0.0
ASV_12284	0.0	0.0	0.0	0.0	1.7
ASV_12288	0.0	0.0	0.0	0.7	0.7
ASV_12322	0.0	0.0	0.0	0.3	0.0
ASV_12333	0.0	0.0	0.0	0.0	0.3
ASV_12343	0.0	0.0	0.0	0.0	0.3
ASV_12346	0.0	0.0	0.0	0.0	1.7
ASV_12355	0.0	0.0	0.0	0.0	11.3
ASV_12361	0.0	0.0	0.0	0.0	1.7
ASV_12367	0.0	0.0	1.0	0.0	0.0
ASV_12368	0.0	0.0	0.7	0.3	0.0
ASV_12369	0.0	0.0	0.0	0.7	0.0
ASV_12373	0.0	0.0	0.0	0.0	1.7
ASV_12379	0.7	0.0	0.0	0.0	0.0
ASV_12381	1.7	0.0	0.0	0.0	0.0
ASV_12390	0.0	0.0	0.0	1.0	0.0
ASV_12394	0.3	0.0	0.0	0.0	0.0
ASV_12403	0.0	0.0	0.7	3.0	0.0
ASV_12404	0.0	0.0	0.0	0.7	0.0
ASV_12411	0.0	0.0	0.0	0.7	0.0
ASV_12413	0.0	1.3	0.0	0.0	0.0
ASV_12422	0.0	0.0	0.0	0.3	0.0
ASV_12425	0.0	6.3	0.0	0.0	0.0
ASV_12431	0.0	0.0	0.3	0.0	0.0
ASV_12433	0.3	0.0	0.0	0.0	0.0
ASV_12440	0.0	0.7	0.0	0.0	0.0
ASV_12444	0.0	0.3	0.0	0.0	0.0
ASV_12448	13.0	29.3	23.0	2.0	0.0
ASV_12449	0.0	0.0	0.0	0.7	8.7
ASV_12463	0.0	0.0	0.0	1.3	0.0
ASV_12470	0.0	0.7	0.0	0.0	0.0
ASV_12474	0.0	0.0	0.0	0.0	0.7
ASV_12475	0.0	0.7	0.0	0.0	0.0
ASV_12477	0.0	0.0	0.0	0.0	2.3
ASV_12481	0.0	0.3	0.0	0.0	0.0
ASV_12485	0.0	0.3	0.0	0.0	0.0
ASV_12489	0.0	0.0	0.0	0.0	0.7
ASV_12507	0.0	0.0	0.0	0.0	0.3
ASV_12511	0.3	0.0	0.0	0.0	0.0
ASV_12523	0.0	0.0	0.0	2.0	0.0
ASV_12529	0.0	0.0	0.3	0.0	0.0
ASV_12532	0.0	1.0	0.0	0.0	0.0
ASV_12541	0.0	0.0	0.7	0.0	0.0
ASV_12553	0.0	0.3	0.3	0.0	0.0
ASV_12566	0.0	0.0	0.0	0.0	3.7
ASV_12573	0.0	0.7	0.0	0.0	0.0
ASV_12576	0.0	0.7	0.0	0.0	0.0
ASV_12586	0.0	0.0	15.0	9.3	0.0
ASV_12590	0.7	0.0	0.0	0.0	0.0
ASV_12592	0.0	0.0	0.0	1.3	0.0
ASV_12598	0.0	0.0	0.0	1.3	0.0
ASV_12613	0.0	0.0	0.0	0.0	0.3
ASV_12620	0.0	0.3	0.0	0.0	0.0
ASV_12622	0.0	2.0	0.0	0.0	0.0
ASV_12629	1.7	2.0	0.0	0.0	0.0
ASV_12640	0.0	0.0	0.0	1.7	0.0
ASV_12662	0.0	0.0	0.0	1.0	2.3
ASV_12666	0.0	0.7	6.0	1.0	0.0
ASV_12673	0.0	0.0	0.0	0.0	1.0
ASV_12675	0.0	0.0	1.0	0.0	0.0
ASV_12686	0.0	0.0	0.3	0.0	0.0
ASV_12690	0.3	0.3	0.3	0.0	0.0
ASV_12696	0.0	0.0	1.3	10.7	0.0
ASV_12715	0.0	0.0	0.0	1.7	1.7
ASV_12717	0.0	0.0	0.0	0.0	0.7
ASV_12718	0.7	0.7	0.0	0.0	0.0
ASV_12719	0.0	0.0	0.0	0.0	6.0
ASV_12723	1.3	0.0	1.3	0.0	0.0
ASV_12732	0.0	0.0	0.0	0.0	1.0
ASV_12735	0.0	0.0	0.0	0.0	1.3
ASV_12738	0.0	0.0	0.0	0.0	1.3
ASV_12751	0.0	1.3	0.0	0.0	0.0
ASV_12765	0.0	57.3	2.0	0.3	0.0
ASV_12766	0.0	4.0	0.0	0.0	0.0
ASV_12767	0.0	0.0	0.0	10.0	0.0
ASV_12772	0.0	0.0	0.0	0.3	0.0
ASV_12774	0.0	0.0	0.0	0.7	0.0
ASV_12798	4.0	3.0	0.0	0.0	0.0
ASV_12813	0.0	0.0	0.0	0.0	0.7
ASV_12825	0.7	0.0	0.0	0.0	0.0
ASV_12830	0.0	1.0	0.0	0.0	0.0
ASV_12835	0.3	0.3	0.0	0.0	0.0
ASV_12836	0.0	0.0	0.0	0.0	4.0
ASV_12861	0.0	0.0	0.3	0.0	0.0
ASV_12866	1.3	0.0	0.0	0.0	0.0
ASV_12872	0.0	0.0	0.0	0.3	0.0
ASV_12876	0.0	1.0	0.0	0.0	0.0
ASV_12877	0.3	0.0	0.0	0.0	0.0
ASV_12879	0.3	0.0	0.0	0.0	0.0
ASV_12885	0.0	1.0	0.0	0.0	0.0
ASV_12890	0.0	0.0	0.3	0.0	0.0
ASV_12896	0.3	0.0	0.0	0.0	0.0
ASV_12898	0.0	0.3	0.0	0.0	0.0
ASV_12901	0.0	0.0	0.0	0.3	0.0
ASV_12907	0.0	0.0	0.0	4.7	0.0
ASV_12912	38.7	25.3	24.3	3.3	0.0
ASV_12918	3.7	6.3	0.0	0.0	0.0
ASV_12921	0.3	0.0	0.0	0.0	0.0
ASV_12924	0.0	0.0	0.0	0.0	0.3
ASV_12926	0.0	0.0	0.0	0.3	0.0
ASV_12930	0.0	0.0	0.0	0.0	0.3
ASV_12937	0.0	0.0	0.0	8.0	0.0
ASV_12939	0.0	0.0	1.0	0.3	0.0
ASV_12940	0.0	0.0	0.0	0.7	0.0
ASV_12957	0.0	0.0	1.0	0.0	0.0
ASV_12962	0.0	0.0	0.0	0.0	0.7
ASV_12967	0.7	3.7	0.3	0.3	0.0
ASV_12971	0.0	0.0	0.0	1.7	0.0
ASV_12982	0.0	0.0	0.0	0.0	1.7
ASV_12996	0.0	0.7	0.0	0.0	0.0
ASV_13001	1.3	0.0	0.0	0.0	0.0
ASV_13007	0.3	0.0	0.0	0.0	0.0
ASV_13027	0.0	0.0	0.0	0.0	3.3
ASV_13030	0.3	0.0	0.0	0.0	0.0
ASV_13039	0.0	0.0	0.0	2.0	0.7
ASV_13052	0.0	0.0	0.0	2.0	0.0
ASV_13056	0.0	0.0	1.3	0.0	0.0
ASV_13060	0.0	0.0	0.0	2.0	0.0
ASV_13061	0.0	0.3	0.0	0.0	0.0
ASV_13062	0.0	0.0	0.0	2.7	2.0
ASV_13070	0.0	0.0	0.0	0.0	2.7
ASV_13074	0.0	5.0	0.0	0.0	0.0
ASV_13076	0.0	0.0	1.0	0.0	0.0
ASV_13101	0.0	0.0	0.0	1.0	0.0
ASV_13109	0.3	0.0	0.0	0.0	0.0
ASV_13115	3.3	1.3	0.0	0.0	0.0
ASV_13120	0.0	0.3	0.3	0.0	0.0
ASV_13124	0.7	0.0	0.0	0.0	0.0
ASV_13129	0.0	0.0	0.0	4.3	0.0
ASV_13137	0.0	0.0	0.7	0.0	0.0
ASV_13140	0.3	0.3	0.0	0.0	0.0
ASV_13143	0.0	0.0	0.0	0.0	3.0
ASV_13159	0.0	0.0	0.0	0.0	0.3
ASV_13165	35.7	32.7	1.0	0.7	0.0
ASV_13166	0.0	0.7	0.0	0.0	0.0
ASV_13175	0.0	0.0	0.0	0.0	3.0
ASV_13184	0.7	0.0	0.0	0.0	0.0
ASV_13193	0.0	0.0	0.0	0.0	6.0
ASV_13203	0.0	0.0	0.0	0.0	5.0
ASV_13209	0.0	0.0	0.0	0.3	0.0
ASV_13214	0.0	9.7	0.0	0.0	0.0
ASV_13222	0.0	1.3	0.0	0.0	0.0
ASV_13224	0.0	0.0	0.0	0.7	0.0
ASV_13235	0.0	0.0	0.0	0.0	0.3
ASV_13237	1.3	0.0	0.0	0.0	0.0
ASV_13238	11.0	3.7	4.7	0.3	0.0
ASV_13239	0.0	0.3	0.0	0.0	0.0
ASV_13243	0.0	0.3	0.0	0.0	0.0
ASV_13248	0.0	0.0	0.0	0.7	0.0
ASV_13251	0.0	0.0	0.0	0.0	1.0
ASV_13253	0.0	0.0	0.0	0.0	0.3
ASV_13264	0.0	0.0	0.0	0.0	2.0
ASV_13277	0.0	0.7	0.0	0.0	0.0
ASV_13293	4.0	4.3	0.0	0.0	0.0
ASV_13294	0.3	0.0	0.0	0.0	0.0
ASV_13296	0.0	0.3	0.0	0.0	0.0
ASV_13298	0.0	0.0	1.0	0.0	0.0
ASV_13301	0.0	0.0	0.0	0.3	1.0
ASV_13320	0.0	0.0	0.7	0.0	0.0
ASV_13359	0.0	0.0	0.0	0.7	0.0
ASV_13364	2.3	0.0	0.0	0.0	0.0
ASV_13366	0.0	0.0	1.7	31.7	0.0
ASV_13378	0.0	0.0	0.0	0.0	0.7
ASV_13386	0.0	0.0	0.0	0.7	0.0
ASV_13392	1.3	4.3	0.0	0.0	0.0
ASV_13398	1.3	7.3	0.0	0.0	0.0
ASV_13408	0.3	0.3	0.0	0.0	0.0
ASV_13409	0.0	0.0	0.0	0.0	1.0
ASV_13425	0.0	0.0	0.3	0.0	0.0
ASV_13430	0.0	0.3	0.0	0.0	0.0
ASV_13439	0.0	0.0	0.0	0.3	0.0
ASV_13462	0.0	0.0	19.7	37.3	0.0
ASV_13464	0.0	0.0	0.0	0.3	0.0
ASV_13470	1.0	0.7	0.3	0.0	0.0
ASV_13471	2.0	0.0	0.0	0.0	0.0
ASV_13473	0.0	0.0	0.0	0.0	1.0
ASV_13479	0.0	0.0	0.0	0.7	21.3
ASV_13480	0.0	0.0	0.0	0.0	2.3
ASV_13494	0.0	0.0	1.7	0.0	0.0
ASV_13499	2.0	0.0	0.0	0.0	0.0
ASV_13506	0.0	0.0	17.0	9.0	0.0
ASV_13509	0.0	0.0	0.0	0.0	37.3
ASV_13520	0.3	0.0	0.0	0.0	0.0
ASV_13528	0.0	0.0	0.0	0.0	12.7
ASV_13531	0.0	0.0	0.0	1.7	0.0
ASV_13532	0.0	0.0	0.0	0.0	0.7
ASV_13549	0.0	0.0	0.3	0.0	0.0
ASV_13554	0.0	0.0	0.0	0.3	0.0
ASV_13555	0.0	0.0	0.0	0.3	0.0
ASV_13599	0.3	0.0	0.0	0.0	0.0
ASV_13604	0.0	0.0	0.0	0.3	0.0
ASV_13617	0.0	0.3	0.0	0.0	0.0
ASV_13633	0.7	1.0	0.0	0.0	0.0
ASV_13635	0.0	0.0	0.0	1.3	0.0
ASV_13641	0.0	0.0	0.0	12.3	0.0
ASV_13653	0.0	0.0	0.0	0.3	0.0
ASV_13658	0.0	15.7	0.0	0.0	0.0
ASV_13661	0.0	0.7	0.0	0.0	0.0
ASV_13662	0.0	0.0	0.7	0.0	0.0
ASV_13666	1.3	0.0	0.0	0.0	0.0
ASV_13677	0.3	1.7	1.7	0.7	0.0
ASV_13681	20.0	11.3	29.0	9.0	0.0
ASV_13687	0.0	0.0	0.0	0.7	2.0
ASV_13696	0.0	0.3	0.3	0.0	0.0
ASV_13699	0.0	0.0	0.0	0.0	0.7
ASV_13705	0.0	0.0	0.3	0.0	0.0
ASV_13716	0.0	0.0	0.0	12.0	0.0
ASV_13718	0.0	0.0	0.0	0.0	23.7
ASV_13722	10.7	13.3	27.7	4.0	0.0
ASV_13724	0.0	0.0	0.0	0.7	0.0
ASV_13725	0.0	0.0	1.3	0.0	0.0
ASV_13728	0.0	0.0	0.3	0.0	0.0
ASV_13741	0.0	0.0	0.0	33.3	0.0
ASV_13743	0.0	0.0	0.0	9.0	0.0
ASV_13748	0.0	0.0	0.7	0.7	0.0
ASV_13779	0.0	0.0	0.0	0.0	3.3
ASV_13786	0.0	0.0	0.7	0.0	0.0
ASV_13789	0.0	0.0	0.0	0.7	0.0
ASV_13794	1.3	0.7	0.7	0.0	0.0
ASV_13796	1.0	3.3	1.0	0.0	0.0
ASV_13818	0.0	0.0	0.0	0.0	4.3
ASV_13825	0.0	0.0	0.3	0.7	0.0
ASV_13829	0.3	0.0	0.0	0.0	0.0
ASV_13830	0.0	0.0	0.0	7.0	0.0
ASV_13835	0.0	0.3	0.0	0.0	0.0
ASV_13842	0.0	0.0	0.0	0.7	0.0
ASV_13851	0.0	0.0	0.0	0.7	0.0
ASV_13854	0.0	4.0	0.0	0.0	0.0
ASV_13864	0.0	0.0	0.0	0.0	0.3
ASV_13879	0.3	0.0	2.0	0.0	0.0
ASV_13882	0.0	0.0	0.0	1.0	0.0
ASV_13884	0.0	0.0	0.0	0.0	1.0
ASV_13887	7.0	0.0	0.0	0.0	0.0
ASV_13895	0.0	0.0	0.0	0.3	0.0
ASV_13902	0.0	0.3	0.0	0.0	0.0
ASV_13909	0.0	0.7	0.0	0.0	0.0
ASV_13918	0.0	0.0	0.0	0.0	0.7
ASV_13933	0.3	0.0	0.0	0.0	0.0
ASV_13937	0.0	0.0	0.0	0.0	0.7
ASV_13941	0.0	0.0	0.0	0.0	0.3
ASV_13949	7.0	0.0	0.0	0.0	0.0
ASV_13953	0.0	0.0	0.0	0.0	8.7
ASV_13963	0.0	0.0	0.0	0.0	14.3
ASV_13979	1.0	2.3	1.3	0.0	0.0
ASV_13992	0.0	6.0	0.7	0.0	0.0
ASV_13996	0.0	0.0	0.0	0.7	0.0
ASV_14001	0.0	0.0	1.0	0.0	0.0
ASV_14006	0.0	0.3	0.0	0.0	0.0
ASV_14011	2.7	3.0	0.0	0.0	0.0
ASV_14019	12.3	8.3	0.3	0.0	0.0
ASV_14026	0.0	0.0	0.0	0.0	0.7
ASV_14027	0.0	0.0	0.0	0.3	0.0
ASV_14029	0.0	0.3	0.0	0.0	0.0
ASV_14032	0.0	0.0	0.0	0.0	0.3
ASV_14033	0.0	0.0	1.3	0.0	0.0
ASV_14034	0.0	0.0	0.0	0.7	0.0
ASV_14042	0.0	0.0	0.0	0.3	0.0
ASV_14046	0.0	0.0	0.0	0.3	0.0
ASV_14052	0.0	0.0	1.7	5.3	0.0
ASV_14054	0.0	0.0	0.0	2.0	84.0
ASV_14063	39.0	58.0	118.3	19.7	0.0
ASV_14075	1.0	0.7	0.0	0.0	0.0
ASV_14076	0.0	0.0	0.3	0.0	0.0
ASV_14081	0.0	0.0	0.0	0.0	0.3
ASV_14092	0.0	0.0	0.0	1.0	0.0
ASV_14105	0.0	0.0	0.0	0.0	0.3
ASV_14108	0.0	0.0	0.0	0.3	0.0
ASV_14116	0.0	0.0	0.0	0.7	0.0
ASV_14119	2.3	5.7	1.7	0.7	0.0
ASV_14120	0.0	0.0	0.0	0.7	0.0
ASV_14122	0.0	0.3	0.0	0.0	0.0
ASV_14132	0.0	0.7	0.0	0.0	0.0
ASV_14141	1.3	0.0	0.0	0.0	0.0
ASV_14159	0.0	0.0	0.0	0.7	0.0
ASV_14165	0.0	0.0	0.0	1.3	2.7
ASV_14178	0.0	35.0	9.3	0.0	0.0
ASV_14193	0.0	0.0	0.3	0.0	0.0
ASV_14194	1.0	0.0	0.0	0.0	0.0
ASV_14198	15.7	5.0	0.0	0.0	0.0
ASV_14206	0.0	0.0	0.0	0.7	0.0
ASV_14213	0.0	0.0	0.0	5.0	0.0
ASV_14217	1.0	0.3	0.0	0.0	0.0
ASV_14242	0.0	0.0	0.0	0.7	0.0
ASV_14278	0.0	0.3	0.0	0.0	0.0
ASV_14282	0.0	0.0	0.0	2.3	0.0
ASV_14283	0.0	5.0	0.0	0.0	0.0
ASV_14285	0.0	0.0	0.3	0.0	0.0
ASV_14288	1.0	0.0	0.0	0.0	0.0
ASV_14292	0.0	0.0	0.0	0.0	1.3
ASV_14297	0.0	0.0	0.0	0.0	1.0
ASV_14306	14.3	3.7	56.0	17.0	0.0
ASV_14312	16.0	3.3	0.0	0.0	0.0
ASV_14320	2.7	0.3	0.0	0.0	0.0
ASV_14332	0.3	0.0	0.0	0.0	0.0
ASV_14334	0.0	0.0	0.0	0.3	0.0
ASV_14344	0.0	0.0	0.7	0.3	0.0
ASV_14346	0.3	0.0	0.0	0.0	0.0
ASV_14363	0.0	0.0	0.0	1.0	0.0
ASV_14377	0.0	0.0	0.0	1.3	0.0
ASV_14398	0.0	3.3	1.0	0.0	0.0
ASV_14401	0.0	0.0	0.0	8.0	0.0
ASV_14408	0.0	0.0	0.0	5.0	0.0
ASV_14417	0.0	0.0	0.0	0.0	0.3
ASV_14421	0.0	0.0	0.0	0.0	0.7
ASV_14423	1.7	1.0	0.3	0.0	0.0
ASV_14426	1.0	0.0	0.0	0.0	0.0
ASV_14431	0.0	0.0	0.3	0.0	0.0
ASV_14434	0.0	0.0	0.0	0.0	2.0
ASV_14438	10.7	3.7	2.3	0.0	0.0
ASV_14441	51.0	44.3	0.0	0.0	0.0
ASV_14454	0.0	0.0	0.0	0.0	0.7
ASV_14486	0.0	0.0	0.3	0.0	0.0
ASV_14493	1.7	0.0	0.0	0.0	0.0
ASV_14499	0.0	0.0	0.0	0.0	3.0
ASV_14506	1.3	1.7	0.0	0.0	0.0
ASV_14511	0.0	0.0	0.0	0.0	0.7
ASV_14514	0.3	0.0	0.0	0.0	0.0
ASV_14519	0.0	0.0	0.0	0.0	0.7
ASV_14522	0.0	8.3	2.7	0.0	0.0
ASV_14530	0.0	0.0	0.0	0.0	0.7
ASV_14546	0.0	0.0	0.0	0.3	3.0
ASV_14549	0.0	0.0	1.7	0.0	0.0
ASV_14568	3.3	0.0	0.3	0.0	0.0
ASV_14584	0.0	0.3	0.0	0.0	0.0
ASV_14585	0.0	0.0	0.0	2.0	2.3
ASV_14596	0.0	0.0	0.0	0.3	0.0
ASV_14600	0.0	0.0	0.0	0.3	0.0
ASV_14603	0.0	0.0	0.0	0.7	0.0
ASV_14604	0.0	0.0	0.0	0.0	1.0
ASV_14608	0.0	0.0	0.0	0.0	0.7
ASV_14612	0.0	0.0	0.0	0.0	0.3
ASV_14643	0.0	0.0	1.3	0.0	0.0
ASV_14658	0.0	0.0	0.0	0.0	4.0
ASV_14659	0.0	0.0	0.0	3.0	11.0
ASV_14662	0.0	0.7	0.0	0.0	0.0
ASV_14679	0.0	0.0	0.0	0.7	0.0
ASV_14691	0.0	0.0	0.0	0.0	0.3
ASV_14701	5.3	0.0	0.0	0.0	0.0
ASV_14711	0.0	0.0	0.7	0.0	0.0
ASV_14715	0.0	0.0	0.0	0.7	0.0
ASV_14736	0.7	0.0	0.0	0.0	0.0
ASV_14744	0.0	0.0	0.0	0.0	1.3
ASV_14753	0.0	0.0	0.3	0.0	0.0
ASV_14759	0.0	0.7	0.0	0.0	0.0
ASV_14763	13.7	15.7	1.3	0.0	0.0
ASV_14769	0.0	0.0	0.0	0.0	0.7
ASV_14776	0.0	0.3	0.0	0.0	0.0
ASV_14781	0.0	1.0	0.0	0.0	0.0
ASV_14785	0.0	0.0	0.0	1.7	0.0
ASV_14792	0.0	1.0	0.0	0.0	0.0
ASV_14795	0.0	0.0	1.0	0.0	0.0
ASV_14808	0.0	0.0	0.0	0.3	0.0
ASV_14833	0.0	0.0	7.0	6.0	0.0
ASV_14836	0.3	0.0	0.0	0.0	0.0
ASV_14848	0.3	0.0	0.0	0.0	0.0
ASV_14849	0.0	0.0	0.0	0.0	4.3
ASV_14860	0.0	0.0	0.7	0.0	0.0
ASV_14863	0.0	0.0	0.0	1.0	0.0
ASV_14865	0.0	0.0	0.0	2.3	0.0
ASV_14878	0.0	0.0	0.0	0.0	0.3
ASV_14890	0.0	0.0	1.7	0.0	0.0
ASV_14899	0.7	0.7	7.7	0.0	0.0
ASV_14909	0.0	0.0	0.0	1.7	0.0
ASV_14927	25.7	46.7	62.3	9.0	0.0
ASV_14930	0.0	0.0	0.0	7.7	0.0
ASV_14933	1.7	2.7	2.0	0.3	0.0
ASV_14936	0.0	0.3	0.0	0.0	0.0
ASV_14937	2.3	0.0	0.0	0.0	0.0
ASV_14939	0.0	0.0	0.0	0.0	0.3
ASV_14942	0.0	0.0	0.3	20.3	0.0
ASV_14943	0.0	0.0	0.0	0.3	1.0
ASV_14954	0.3	0.3	0.0	0.0	0.0
ASV_14955	0.0	0.0	1.3	0.0	0.0
ASV_14971	0.0	0.0	0.0	1.0	0.0
ASV_14979	0.7	0.3	0.3	0.0	0.0
ASV_14998	0.0	1.3	0.0	0.0	0.0
ASV_15011	0.0	0.0	0.3	0.0	0.0
ASV_15018	0.0	0.0	0.0	1.7	0.7
ASV_15024	0.0	0.3	0.0	0.0	0.0
ASV_15048	0.0	0.0	0.0	0.3	0.0
ASV_15074	0.0	0.0	0.0	0.0	4.0
ASV_15076	0.0	0.7	0.0	0.0	0.0
ASV_15090	0.0	0.0	0.0	0.0	0.3
ASV_15094	9.0	12.7	8.0	1.0	0.0
ASV_15099	0.0	0.0	0.0	0.0	13.7
ASV_15100	0.0	0.0	0.0	0.0	0.7
ASV_15102	0.0	0.0	0.0	0.0	0.3
ASV_15112	0.0	0.0	0.0	0.7	0.3
ASV_15120	0.0	0.0	0.0	0.0	0.3
ASV_15128	0.7	2.7	0.0	0.0	0.0
ASV_15133	0.0	0.0	0.0	0.7	0.0
ASV_15147	0.0	0.0	0.7	0.3	0.0
ASV_15152	0.0	0.0	0.0	0.0	0.3
ASV_15163	0.0	0.0	0.3	0.3	0.0
ASV_15168	1.0	0.0	0.0	0.0	0.0
ASV_15182	0.0	0.0	0.0	0.7	0.0
ASV_15189	0.0	0.0	0.0	0.3	0.0
ASV_15194	0.0	0.0	0.7	0.0	0.0
ASV_15206	1.0	5.0	110.3	23.0	0.0
ASV_15208	0.0	0.0	0.3	0.3	0.0
ASV_15211	0.3	17.3	0.0	0.0	0.0
ASV_15214	0.0	2.7	0.0	0.0	0.0
ASV_15233	0.0	0.0	0.0	0.7	0.0
ASV_15240	4.3	3.7	0.0	0.0	0.0
ASV_15244	0.0	0.0	0.3	0.0	0.0
ASV_15251	0.0	0.0	0.0	1.7	0.0
ASV_15266	0.0	0.3	0.0	0.0	0.0
ASV_15279	0.0	0.0	0.0	1.7	1.0
ASV_15290	1.0	0.0	0.0	0.0	0.0
ASV_15315	0.0	0.0	0.0	0.0	0.3
ASV_15345	6.7	26.7	9.0	0.0	0.0
ASV_15355	0.0	0.0	0.0	0.0	1.0
ASV_15362	0.0	0.0	0.0	0.0	18.0
ASV_15371	0.0	0.7	0.3	0.0	0.0
ASV_15375	0.0	0.0	0.0	0.3	0.0
ASV_15378	0.0	0.0	0.0	0.0	3.3
ASV_15381	0.0	0.0	0.0	0.0	1.0
ASV_15388	0.7	0.0	0.0	0.0	0.0
ASV_15396	0.0	0.0	0.3	0.0	0.0
ASV_15397	0.0	0.0	0.0	0.3	0.0
ASV_15400	0.0	2.0	0.0	0.0	0.0
ASV_15407	0.0	0.3	0.0	0.0	0.0
ASV_15425	0.3	0.0	0.0	0.0	0.0
ASV_15428	0.0	0.0	0.0	0.3	0.0
ASV_15434	0.0	0.0	0.0	0.0	0.7
ASV_15436	0.0	0.0	0.0	0.0	1.0
ASV_15442	0.0	0.0	0.7	0.0	0.0
ASV_15444	0.0	0.0	0.0	2.3	0.0
ASV_15459	0.0	0.0	0.0	0.3	0.0
ASV_15471	0.0	0.0	0.3	0.0	0.0
ASV_15474	0.0	0.0	0.0	5.7	2.3
ASV_15475	0.0	1.3	0.0	0.0	0.0
ASV_15479	0.0	4.7	6.7	2.3	0.0
ASV_15488	0.0	0.0	0.0	0.3	0.0
ASV_15496	0.0	0.0	0.0	0.0	3.7
ASV_15504	0.0	0.0	0.0	0.0	0.3
ASV_15505	0.0	0.0	0.0	0.3	0.0
ASV_15508	0.0	0.0	0.0	0.3	0.3
ASV_15513	0.0	0.0	0.7	0.0	0.0
ASV_15524	0.0	0.0	0.3	0.3	0.0
ASV_15526	0.0	3.7	0.0	0.0	0.0
ASV_15530	5.3	1.3	0.0	0.0	0.0
ASV_15541	100.3	25.0	0.0	0.0	0.0
ASV_15551	0.0	0.0	0.0	0.7	0.3
ASV_15552	0.0	0.0	0.0	0.7	8.7
ASV_15554	0.0	0.0	0.7	1.0	0.0
ASV_15578	3.0	0.0	0.0	0.0	0.0
ASV_15580	0.0	0.0	0.0	0.0	1.3
ASV_15584	0.3	0.0	0.0	0.0	0.0
ASV_15586	0.0	0.0	0.0	0.0	2.0
ASV_15591	0.0	1.3	0.0	0.0	0.0
ASV_15598	1.0	0.0	0.0	0.0	0.0
ASV_15599	0.0	0.3	0.0	0.0	0.0
ASV_15613	0.0	0.0	0.0	0.0	0.3
ASV_15632	0.0	0.0	0.7	0.0	0.0
ASV_15633	5.7	11.0	15.7	13.3	0.0
ASV_15643	0.0	0.3	0.0	0.0	0.0
ASV_15656	0.7	0.7	0.7	0.0	0.0
ASV_15674	0.3	0.0	0.0	0.0	0.0
ASV_15683	0.0	0.0	0.0	3.0	0.0
ASV_15688	0.0	0.0	0.0	0.3	0.0
ASV_15689	0.0	0.0	0.0	8.7	0.0
ASV_15692	0.0	0.0	0.0	0.0	5.7
ASV_15693	0.0	0.0	0.0	0.0	43.7
ASV_15697	47.0	21.7	67.7	13.0	0.0
ASV_15701	0.0	0.0	0.0	0.3	0.0
ASV_15706	4.7	4.7	0.0	0.0	0.0
ASV_15714	0.0	0.0	0.0	2.3	0.0
ASV_15721	0.0	0.0	8.3	0.0	0.0
ASV_15726	1.3	3.3	3.7	1.7	0.0
ASV_15730	0.0	0.0	0.0	0.0	0.3
ASV_15732	0.0	0.0	0.0	0.7	0.0
ASV_15733	0.0	0.0	0.0	0.7	0.0
ASV_15737	0.0	0.0	0.0	0.3	0.0
ASV_15740	1.7	0.7	0.0	0.0	0.0
ASV_15747	7.7	5.3	0.0	1.3	0.0
ASV_15757	0.0	0.0	0.0	0.3	0.0
ASV_15759	0.0	0.3	0.0	0.0	0.0
ASV_15772	0.0	0.3	0.0	0.0	0.0
ASV_15805	0.0	0.0	1.0	0.0	0.0
ASV_15815	0.0	0.0	0.3	0.3	0.0
ASV_15816	0.0	0.0	0.0	0.0	36.0
ASV_15846	0.0	0.0	0.3	0.7	0.0
ASV_15848	0.0	0.0	0.0	4.0	9.3
ASV_15865	0.0	0.0	0.0	0.0	1.7
ASV_15867	0.0	0.0	0.0	0.3	0.0
ASV_15868	0.0	0.0	0.0	1.0	0.7
ASV_15869	0.7	0.0	0.0	0.0	0.0
ASV_15873	1.7	1.7	0.0	0.0	0.0
ASV_15876	0.0	0.0	1.0	0.0	0.0
ASV_15884	0.0	0.3	0.0	0.0	0.0
ASV_15903	0.0	0.0	0.3	0.0	0.0
ASV_15911	0.0	0.0	0.0	0.3	11.0
ASV_15915	0.0	0.0	0.0	0.7	0.0
ASV_15932	3.7	0.3	0.0	0.0	0.0
ASV_15958	0.0	2.3	0.0	0.0	0.0
ASV_15963	0.0	0.0	0.0	0.3	0.0
ASV_15966	0.0	0.0	0.3	0.3	0.0
ASV_15967	0.0	0.0	0.0	0.3	0.0
ASV_15974	0.0	0.0	1.3	3.3	0.0
ASV_15994	0.0	0.0	0.0	0.0	2.0
ASV_16012	8.7	2.3	0.0	0.0	0.0
ASV_16022	0.0	0.0	0.0	10.7	0.0
ASV_16026	1.0	0.0	0.0	0.0	0.0
ASV_16032	1.7	0.0	0.0	0.0	0.0
ASV_16037	0.0	0.0	0.0	0.3	0.0
ASV_16038	0.0	0.0	0.0	4.7	0.0
ASV_16058	19.0	4.7	4.3	0.0	0.0
ASV_16065	0.0	0.0	0.0	0.0	3.0
ASV_16079	0.0	0.0	0.0	0.7	0.0
ASV_16099	0.0	0.0	0.0	0.3	0.0
ASV_16121	0.0	0.0	0.0	3.7	0.0
ASV_16132	0.0	0.0	0.0	0.0	1.7
ASV_16176	0.0	0.0	0.0	0.0	0.3
ASV_16185	0.3	0.0	0.0	0.0	0.0
ASV_16194	0.0	0.0	0.0	1.0	0.0
ASV_16211	0.3	1.0	0.0	0.0	0.0
ASV_16213	0.0	0.3	0.0	0.0	0.0
ASV_16221	0.0	0.0	0.0	0.3	0.0
ASV_16224	0.0	0.0	0.0	0.0	0.3
ASV_16267	1.0	1.3	2.0	0.3	0.0
ASV_16270	0.0	0.0	0.0	0.0	1.3
ASV_16272	0.0	1.0	0.0	7.3	0.0
ASV_16283	0.0	0.0	1.7	10.3	0.0
ASV_16291	0.7	0.7	0.0	0.0	0.0
ASV_16294	0.0	0.0	0.0	0.3	0.0
ASV_16301	0.0	0.0	0.0	0.7	0.0
ASV_16312	0.0	0.0	0.0	0.0	0.3
ASV_16319	0.0	0.0	0.0	0.7	0.0
ASV_16323	0.0	0.0	0.0	0.7	0.3
ASV_16336	0.0	0.0	1.7	0.0	0.0
ASV_16339	0.0	0.0	0.0	0.7	0.0
ASV_16346	0.0	1.0	0.0	0.0	0.0
ASV_16350	0.0	12.7	23.3	2.3	0.0
ASV_16365	0.0	1.7	0.0	0.0	0.0
ASV_16372	0.0	0.0	0.0	0.0	0.3
ASV_16376	0.0	0.0	1.0	9.3	0.0
ASV_16381	0.0	1.7	1.0	0.3	0.0
ASV_16384	0.0	0.0	0.0	1.7	0.0
ASV_16390	0.0	0.0	0.0	0.0	0.3
ASV_16394	0.0	0.0	0.0	0.3	0.0
ASV_16405	0.0	0.0	0.7	0.0	0.0
ASV_16416	0.0	0.0	0.0	2.7	0.0
ASV_16428	0.0	0.0	0.3	0.0	0.0
ASV_16430	0.0	0.0	3.3	2.0	0.0
ASV_16435	0.7	0.0	0.0	0.0	0.0
ASV_16457	0.0	0.0	0.0	1.3	32.0
ASV_16471	0.0	0.0	0.0	0.0	0.3
ASV_16492	0.3	0.0	0.0	0.0	0.0
ASV_16495	0.3	0.0	0.0	0.0	0.0
ASV_16518	0.0	0.0	0.0	8.0	0.0
ASV_16520	0.0	0.0	3.7	7.3	0.7
ASV_16529	2.0	0.7	0.0	0.0	0.0
ASV_16536	0.0	0.0	0.0	3.7	5.0
ASV_16550	0.0	0.0	0.0	0.3	0.0
ASV_16552	2.7	1.7	44.3	3.3	0.0
ASV_16555	0.0	0.0	0.0	113.3	0.0
ASV_16556	0.0	0.0	0.0	1.0	0.0
ASV_16583	0.0	0.0	0.0	1.3	0.0
ASV_16592	0.0	0.0	0.0	0.3	1.0
ASV_16594	0.0	0.0	0.0	0.0	1.0
ASV_16596	4.0	3.0	0.0	0.0	0.0
ASV_16597	0.0	0.0	0.0	0.0	0.7
ASV_16599	0.0	0.0	0.0	8.7	0.0
ASV_16608	0.0	0.0	0.0	0.0	6.3
ASV_16611	0.0	0.0	0.0	0.0	0.3
ASV_16625	3.3	1.7	0.0	0.0	0.0
ASV_16627	0.0	0.7	0.0	0.0	0.0
ASV_16629	0.0	0.0	0.0	0.0	0.7
ASV_16632	0.0	0.3	0.3	0.3	0.0
ASV_16645	136.7	162.3	3.7	1.7	0.0
ASV_16657	0.0	0.0	0.0	0.0	0.3
ASV_16662	0.0	0.0	0.0	0.0	0.7
ASV_16663	2.3	1.7	1.0	1.0	0.0
ASV_16673	0.0	0.0	0.0	2.0	0.0
ASV_16679	3.0	1.3	1.3	0.0	0.0
ASV_16682	0.0	0.0	0.0	0.0	0.3
ASV_16684	0.0	0.0	0.0	1.7	6.0
ASV_16690	0.0	0.0	0.0	0.3	0.0
ASV_16693	0.3	6.0	0.0	0.0	0.0
ASV_16695	0.0	0.0	0.0	0.0	4.3
ASV_16702	0.0	0.0	0.0	0.0	1.7
ASV_16703	0.0	0.0	0.0	0.3	0.0
ASV_16705	0.0	0.0	0.0	1.3	0.0
ASV_16711	0.0	0.0	0.0	0.7	0.0
ASV_16713	2.0	0.7	0.0	0.0	0.0
ASV_16729	0.0	0.0	0.0	0.3	0.0
ASV_16730	0.0	0.0	1.0	0.0	0.0
ASV_16744	0.0	0.3	0.0	0.0	0.0
ASV_16756	0.0	0.0	0.0	0.3	0.0
ASV_16765	0.0	0.0	0.0	0.0	3.3
ASV_16770	0.7	0.0	0.0	0.0	0.0
ASV_16796	0.0	0.0	0.0	0.0	9.0
ASV_16800	0.0	0.0	0.0	1.0	0.0
ASV_16801	0.0	0.0	0.0	0.0	0.3
ASV_16815	0.0	0.0	0.0	0.7	0.0
ASV_16824	0.0	0.0	0.7	0.0	0.0
ASV_16833	0.0	0.0	0.0	0.0	9.3
ASV_16835	1.7	0.0	0.0	0.0	0.0
ASV_16836	0.0	0.0	0.0	0.7	0.0
ASV_16845	10.3	0.7	0.0	0.0	0.0
ASV_16852	0.3	0.0	0.0	0.0	0.0
ASV_16854	0.0	0.7	0.0	0.0	0.0
ASV_16855	0.0	0.0	0.0	0.0	0.3
ASV_16878	0.0	0.0	0.0	1.3	0.0
ASV_16887	0.0	0.0	0.0	1.7	0.0
ASV_16888	0.0	0.0	0.7	0.0	0.0
ASV_16894	0.0	0.0	0.0	0.7	0.0
ASV_16903	0.0	1.7	0.0	0.0	0.0
ASV_16904	0.0	0.7	0.0	0.0	0.0
ASV_16908	0.0	0.7	0.0	0.0	0.0
ASV_16910	0.0	0.0	3.7	5.0	0.0
ASV_16916	0.0	0.0	0.0	0.0	196.7
ASV_16917	0.0	0.0	0.7	0.0	0.0
ASV_16923	0.0	0.0	0.0	1.0	0.0
ASV_16926	0.0	0.0	1.3	0.0	0.0
ASV_16928	0.0	0.0	1.3	0.3	0.0
ASV_16929	0.0	0.0	0.0	0.0	0.3
ASV_16935	0.0	0.0	0.0	0.0	1.3
ASV_16936	5.0	6.3	7.7	3.7	0.0
ASV_16938	0.0	0.0	0.0	1.0	0.0
ASV_16939	0.0	0.0	0.0	0.7	1.7
ASV_16942	0.0	0.0	0.0	0.3	0.0
ASV_16947	5.0	14.0	19.7	2.0	0.0
ASV_16950	0.0	0.0	0.0	0.3	0.0
ASV_16951	0.0	0.0	0.0	0.7	0.0
ASV_16959	0.0	0.0	2.3	0.0	0.0
ASV_16960	0.0	0.0	0.0	0.7	0.0
ASV_16985	0.0	0.0	1.3	7.7	0.0
ASV_16986	0.0	0.0	0.0	0.0	7.0
ASV_16992	0.0	0.0	0.0	0.3	0.0
ASV_16993	58.0	9.3	0.0	0.0	0.0
ASV_17002	0.0	0.0	0.0	0.0	1.0
ASV_17004	0.0	0.0	0.0	0.0	0.3
ASV_17012	0.0	0.0	0.0	28.0	2.7
ASV_17016	0.0	0.0	0.0	0.7	0.0
ASV_17026	0.3	0.0	0.3	0.0	0.0
ASV_17027	0.0	0.0	0.0	0.0	1.0
ASV_17034	0.0	0.0	0.0	0.0	4.7
ASV_17047	0.0	0.0	0.3	0.0	0.0
ASV_17051	3.3	0.0	0.0	0.0	0.0
ASV_17054	0.0	0.0	0.0	0.0	0.3
ASV_17057	0.0	0.0	0.0	0.3	0.0
ASV_17059	0.3	0.0	0.0	0.0	0.0
ASV_17060	1.0	0.0	0.0	0.0	0.0
ASV_17062	0.0	2.0	2.0	0.0	0.0
ASV_17064	0.0	0.0	0.0	0.3	0.0
ASV_17069	0.0	0.0	0.0	0.0	0.3
ASV_17085	82.7	47.7	50.7	7.3	0.0
ASV_17087	5.3	8.7	5.0	1.7	0.0
ASV_17092	0.0	0.0	0.0	0.0	3.0
ASV_17099	0.0	0.0	0.0	0.7	0.0
ASV_17102	0.0	2.3	0.0	0.0	0.0
ASV_17115	3.7	1.7	1.0	0.0	0.0
ASV_17117	81.3	38.0	22.7	1.3	0.0
ASV_17138	0.0	0.0	0.0	0.7	0.0
ASV_17142	0.0	0.0	0.0	1.3	0.7
ASV_17148	0.0	0.7	0.0	0.0	0.0
ASV_17149	0.0	0.0	0.0	0.0	15.0
ASV_17150	0.0	0.0	0.0	2.3	0.0
ASV_17153	0.0	0.0	0.0	0.0	0.3
ASV_17161	0.0	0.0	1.0	0.0	0.0
ASV_17168	1.0	0.7	6.7	1.3	0.0
ASV_17176	0.0	0.0	0.0	0.7	0.0
ASV_17180	0.7	0.7	0.3	0.0	0.0
ASV_17182	0.0	0.0	0.0	0.0	0.7
ASV_17187	0.0	0.0	0.0	0.3	0.0
ASV_17189	3.0	0.0	0.0	0.0	0.0
ASV_17198	0.0	0.0	0.3	0.3	0.0
ASV_17199	0.0	0.0	0.7	0.0	0.0
ASV_17206	0.3	0.0	0.0	0.0	0.0
ASV_17219	0.0	0.0	0.0	0.3	0.0
ASV_17221	0.0	0.0	0.0	0.0	8.3
ASV_17224	0.7	0.3	0.0	0.0	0.0
ASV_17225	0.0	0.0	0.0	1.3	0.0
ASV_17236	0.0	0.0	0.0	0.3	0.0
ASV_17237	0.0	2.3	0.0	0.0	0.0
ASV_17244	2.3	0.7	0.0	0.0	0.0
ASV_17250	0.0	0.0	0.0	0.3	0.0
ASV_17256	0.0	0.0	0.0	1.3	1.0
ASV_17269	10.0	0.0	0.7	0.0	0.0
ASV_17273	0.0	0.0	0.0	31.3	0.0
ASV_17274	0.0	0.0	0.0	0.7	0.0
ASV_17277	1.0	0.7	0.0	0.0	0.0
ASV_17301	0.7	0.0	0.0	0.0	0.0
ASV_17306	6.0	6.3	0.0	0.7	0.0
ASV_17308	0.0	0.0	0.0	0.3	0.0
ASV_17319	0.0	0.7	4.0	0.3	0.0
ASV_17325	0.0	0.0	0.0	0.0	1.7
ASV_17334	0.0	0.0	0.0	0.3	0.0
ASV_17335	0.0	0.0	0.0	0.3	0.0
ASV_17344	3.3	0.0	0.0	0.0	0.0
ASV_17356	0.0	0.0	0.0	2.7	0.0
ASV_17363	0.0	0.0	1.0	2.0	0.0
ASV_17365	0.0	0.0	0.0	2.0	0.0
ASV_17372	0.7	0.0	0.0	0.0	0.0
ASV_17376	0.0	0.0	0.0	1.7	0.0
ASV_17382	0.0	0.0	0.0	0.3	0.0
ASV_17383	0.0	0.0	0.0	0.3	0.0
ASV_17395	0.0	0.0	0.0	0.3	0.0
ASV_17398	0.0	0.0	0.0	0.3	0.0
ASV_17401	0.0	0.0	0.0	0.0	1.3
ASV_17430	0.0	0.7	1.0	0.0	0.0
ASV_17444	0.0	0.0	0.0	1.3	0.0
ASV_17446	2.0	0.0	0.0	0.0	0.0
ASV_17452	0.0	0.0	7.3	73.0	0.0
ASV_17454	0.0	0.0	0.0	0.0	1.0
ASV_17460	0.0	0.0	0.0	0.3	0.0
ASV_17462	0.0	0.0	0.0	0.3	0.0
ASV_17481	0.0	0.0	0.3	0.0	0.0
ASV_17493	0.0	0.0	0.0	0.0	0.7
ASV_17499	5.3	0.7	0.0	0.0	0.0
ASV_17506	10.3	10.0	0.0	0.0	0.0
ASV_17510	0.0	0.7	0.0	0.0	0.0
ASV_17525	0.0	0.0	0.3	0.0	0.0
ASV_17530	0.0	0.0	0.0	0.3	0.0
ASV_17533	0.0	0.0	0.3	0.0	0.0
ASV_17552	0.0	0.0	0.0	0.0	0.3
ASV_17557	0.7	1.0	1.0	0.3	0.0
ASV_17575	0.0	0.0	0.0	1.7	1.0
ASV_17597	0.0	0.3	0.0	0.0	0.0
ASV_17599	0.0	0.0	0.0	18.3	0.0
ASV_17600	0.0	0.0	0.0	0.3	0.0
ASV_17601	0.0	0.0	0.0	3.7	2.7
ASV_17606	0.0	0.0	0.0	0.7	0.0
ASV_17612	0.0	0.0	0.3	0.0	0.0
ASV_17619	1.7	0.7	0.0	0.0	0.0
ASV_17627	0.0	0.0	1.7	39.7	0.0
ASV_17640	0.0	0.0	0.7	0.0	0.0
ASV_17644	0.0	0.0	0.0	0.3	0.0
ASV_17646	3.7	0.7	0.0	0.0	0.0
ASV_17654	0.0	0.0	0.0	15.0	0.0
ASV_17658	0.0	0.0	0.0	0.0	7.3
ASV_17659	0.0	1.0	0.0	0.0	0.0
ASV_17691	0.0	1.0	0.0	0.0	0.0
ASV_17692	0.7	1.3	2.3	0.7	0.0
ASV_17702	0.0	8.0	0.0	0.0	0.0
ASV_17703	0.0	0.0	0.0	1.7	0.0
ASV_17707	0.0	0.0	0.0	1.3	0.0
ASV_17708	0.0	0.0	0.0	0.0	5.3
ASV_17712	0.0	0.0	0.0	0.0	1.7
ASV_17718	0.0	0.0	0.0	0.0	0.3
ASV_17727	0.0	0.0	0.0	11.7	2.0
ASV_17733	0.3	0.3	0.0	0.0	0.0
ASV_17736	0.0	0.0	0.0	0.3	0.0
ASV_17753	8.3	12.7	3.3	2.7	0.0
ASV_17761	0.3	0.0	0.0	0.0	0.0
ASV_17765	1.3	0.7	0.0	0.0	0.0
ASV_17771	0.0	0.3	0.0	0.0	0.0
ASV_17799	0.0	0.3	0.0	0.3	0.0
ASV_17805	0.0	0.7	0.0	0.0	0.0
ASV_17824	0.0	0.7	0.0	0.3	0.0
ASV_17835	0.7	0.0	0.0	0.0	0.0
ASV_17838	0.0	0.0	0.0	0.3	0.0
ASV_17859	0.0	0.3	0.0	0.0	0.0
ASV_17861	5.3	4.7	0.3	0.0	0.0
ASV_17863	3.7	0.0	0.0	0.0	0.0
ASV_17870	0.0	0.0	0.0	1.3	0.0
ASV_17872	0.0	0.0	0.0	0.0	0.7
ASV_17873	0.0	0.7	4.3	1.0	0.0
ASV_17879	6.0	7.0	1.0	0.0	0.0
ASV_17880	0.0	0.0	0.0	0.0	1.7
ASV_17884	0.0	0.3	0.0	0.0	0.0
ASV_17891	0.0	0.0	0.3	0.0	0.0
ASV_17905	0.0	0.0	0.0	0.0	5.7
ASV_17914	2.0	0.3	0.0	0.0	0.0
ASV_17940	0.0	0.0	0.0	2.0	0.0
ASV_17944	0.0	0.0	0.0	0.0	0.3
ASV_17958	0.0	0.0	0.0	0.3	0.0
ASV_17959	0.0	0.0	0.0	0.3	0.0
ASV_17960	0.0	0.0	0.3	0.0	0.0
ASV_17967	2.7	1.0	0.0	0.0	0.0
ASV_17968	0.0	0.0	0.0	0.7	2.0
ASV_17987	2.3	0.0	9.3	6.7	0.0
ASV_18012	0.0	0.0	0.0	0.3	0.0
ASV_18031	0.0	0.0	0.0	0.0	1.7
ASV_18044	0.0	0.0	0.0	0.3	0.0
ASV_18049	0.0	0.0	0.0	2.3	0.0
ASV_18059	0.0	0.3	0.0	0.0	0.0
ASV_18071	0.7	0.7	0.0	0.0	0.0
ASV_18077	0.0	0.3	0.0	0.0	0.0
ASV_18092	0.0	0.0	0.3	0.7	0.0
ASV_18097	0.3	0.7	0.0	0.0	0.0
ASV_18099	0.0	0.3	0.0	0.0	0.0
ASV_18103	0.0	0.0	0.0	1.7	0.0
ASV_18108	0.0	0.0	0.7	0.0	0.0
ASV_18118	1.7	0.0	0.0	0.0	0.0
ASV_18120	0.0	0.0	0.3	0.0	0.0
ASV_18133	0.0	0.7	0.0	0.0	0.0
ASV_18141	0.3	0.0	0.0	0.0	0.0
ASV_18146	0.0	0.0	0.3	0.0	0.0
ASV_18162	0.0	0.0	0.0	0.3	0.0
ASV_18164	0.0	0.0	0.0	0.3	0.0
ASV_18165	0.0	0.0	0.0	0.3	0.0
ASV_18166	0.3	0.0	0.0	0.0	0.0
ASV_18168	37.0	25.3	0.0	0.0	0.0
ASV_18177	0.3	0.0	0.0	0.0	0.0
ASV_18189	0.0	0.0	0.3	0.0	0.0
ASV_18198	0.0	0.0	0.0	0.0	3.3
ASV_18199	0.0	0.0	2.0	1.0	0.0
ASV_18214	0.0	1.3	0.0	0.0	0.0
ASV_18217	0.0	0.0	0.0	2.7	0.0
ASV_18220	0.0	0.0	0.0	0.0	33.0
ASV_18222	0.0	0.0	0.0	0.0	13.0
ASV_18227	0.7	0.0	0.0	0.0	0.0
ASV_18247	0.0	0.0	0.0	3.0	2.7
ASV_18252	0.7	0.0	0.0	0.0	0.0
ASV_18262	1.3	0.3	0.0	0.0	0.0
ASV_18264	2.7	1.7	0.0	0.0	0.0
ASV_18269	0.0	2.7	0.0	0.0	0.0
ASV_18276	0.0	0.0	0.0	26.0	0.0
ASV_18281	0.0	0.0	0.0	0.0	0.3
ASV_18292	20.7	5.0	3.0	0.0	0.0
